id,name,neighborhood_overview,host_name,host_response_rate,neighbourhood,Location_id,accommodates,bathrooms_text,bedrooms,beds,amenities,price,minimum_nights,number_of_reviews,type
37736,Charming cozy apartment North Italy,,Daniele,100%,,G1,4,2 baths,1,1,"[""Washer"", ""Cable TV"", ""Kitchen"", ""Free parking on premises"", ""Long term stays allowed"", ""Wifi"", ""Dryer"", ""Essentials"", ""TV with standard cable"", ""Heating""]",58,7,79,Apartment
56292,Central apartment located on the ski slopes,It is located in an enviable position as a few meters from several ski lifts such as the 3-Tre and Spinale Direttissima!<br />You can reach the house on skis from the Belvedere slope.,Stefano,100%,"Madonna di Campiglio, Trentino-Alto Adige, Italy",G2,4,1 bath,1,2,"[""TV"", ""Ski-in/Ski-out"", ""Free parking on premises"", ""Long term stays allowed"", ""Kitchen"", ""Heating""]",90,7,6,Apartment
138917,Smart living & working in Madonna di Campiglio,"Bars, supermarkets and shops, all around you.",Mirko Ian,100%,"Madonna di Campiglio, Trentino-Alto Adige, Italy",G3,5,1 bath,3,4,"[""Bed linens"", ""Oven"", ""Washer"", ""TV"", ""Game console"", ""Coffee maker"", ""Patio or balcony"", ""Backyard"", ""Long term stays allowed"", ""Hangers"", ""Bathtub"", ""Iron"", ""Heating"", ""Dedicated workspace"", ""Hair dryer"", ""Shampoo"", ""Luggage dropoff allowed"", ""High chair"", ""Essentials"", ""Refrigerator"", ""Free parking on premises"", ""Wifi"", ""Dishes and silverware"", ""Baking sheet"", ""Building staff"", ""Kitchen"", ""Cooking basics"", ""Free street parking"", ""Children\u2019s books and toys"", ""Carbon monoxide alarm"", ""Fire extinguisher"", ""Outdoor furniture"", ""First aid kit"", ""Cleaning before checkout"", ""Hot water"", ""Extra pillows and blankets"", ""Dishwasher""]",240,1,33,Apartment
367596,"Apartment in Val Rendena, Pinzolo",,Franca,75%,,G4,7,1 bath,2,5,"[""Oven"", ""Washer"", ""TV"", ""Backyard"", ""Long term stays allowed"", ""Microwave"", ""Heating"", ""Dedicated workspace"", ""Hair dryer"", ""Changing table"", ""Refrigerator"", ""Free parking on premises"", ""Wifi"", ""Dishes and silverware"", ""Kitchen"", ""Cooking basics"", ""Free street parking"", ""Stove"", ""Host greets you"", ""Hot water"", ""Dryer"", ""Dishwasher""]",75,2,28,Apartment
398211,Spacious apartment in South Tyrol,,Daniele,100%,,G5,10,2 baths,4,5,"[""Refrigerator"", ""Washer"", ""TV"", ""Coffee maker"", ""Free parking on premises"", ""Long term stays allowed"", ""Wifi"", ""Dishes and silverware"", ""Indoor fireplace"", ""Essentials"", ""Kitchen"", ""Heating""]",90,5,36,Apartment
398240,Charming apartment Trentino Italy,,Daniele,100%,,G6,4,2 baths,1,2,"[""Washer"", ""TV"", ""Free parking on premises"", ""Long term stays allowed"", ""Wifi"", ""Dryer"", ""Essentials"", ""Kitchen"", ""Heating""]",65,3,96,Apartment
398249,CharmyApartment with Private Garden,,Daniele,100%,,G7,4,1 bath,1,,"[""Washer"", ""TV"", ""Free parking on premises"", ""Long term stays allowed"", ""Wifi"", ""Essentials"", ""Kitchen"", ""Heating""]",50,5,34,Apartment
444104,Val di Sole near Madonna di Campiglio,"It is a peaceful, magical atmosphere, made of small historical streets marching between towers and sometimes charming and fountains.",Catia,100%,"Pellizzano, Trentino-Alto Adige/S√ºdtirol, Italy",G8,6,1.5 baths,3,5,"[""Bed linens"", ""Oven"", ""Washer"", ""Coffee maker"", ""Patio or balcony"", ""Long term stays allowed"", ""Hangers"", ""Iron"", ""Microwave"", ""Heating"", ""Hair dryer"", ""Shampoo"", ""Essentials"", ""Refrigerator"", ""Lockbox"", ""Dishes and silverware"", ""Kitchen"", ""Cooking basics"", ""Free street parking"", ""Stove"", ""Children\u2019s books and toys"", ""Ski-in/Ski-out"", ""Hot water"", ""Extra pillows and blankets"", ""Dishwasher""]",100,3,21,Apartment
578775,Grumes: a little village on Alps,,Ugo,100%,,G9,4,1 bath,1,2,"[""Washer"", ""TV"", ""Long term stays allowed"", ""Dishes and silverware"", ""Kitchen""]",31,5,4,Apartment
587230,Appartamento OLIVO,,Francesca E Paolo,100%,,G10,4,1 bath,1,2,"[""Bed linens"", ""Oven"", ""Washer"", ""Cable TV"", ""Patio or balcony"", ""Backyard"", ""Laundromat nearby"", ""Long term stays allowed"", ""Hangers"", ""Single level home"", ""Portable fans"", ""Bidet"", ""Microwave"", ""Heating"", ""Hot water kettle"", ""Hair dryer"", ""Pool"", ""Cleaning products"", ""Drying rack for clothing"", ""Essentials"", ""Dining table"", ""Refrigerator"", ""Lockbox"", ""Free parking on premises"", ""Wifi"", ""Dishes and silverware"", ""Baking sheet"", ""Clothing storage: wardrobe"", ""Kitchen"", ""Cooking basics"", ""Stove"", ""Freezer"", ""Outdoor dining area"", ""Hot water"", ""TV with standard cable"", ""Extra pillows and blankets"", ""Dishwasher""]",57,2,130,Apartment
661736,APARTMENT CANAZEI 7 DAYS,,Roberto,0%,,G11,6,1 bath,2,3,"[""Oven"", ""Washer"", ""Cable TV"", ""Patio or balcony"", ""Backyard"", ""Hangers"", ""Microwave"", ""Heating"", ""Dedicated workspace"", ""Shampoo"", ""Luggage dropoff allowed"", ""Essentials"", ""Refrigerator"", ""Hot tub"", ""Free parking on premises"", ""Wifi"", ""Dishes and silverware"", ""Kitchen"", ""Cooking basics"", ""Stove"", ""Fire extinguisher"", ""Ski-in/Ski-out"", ""Host greets you"", ""Cleaning before checkout"", ""Hot water"", ""Dryer"", ""TV with standard cable"", ""Extra pillows and blankets""]",120,7,2,Apartment
666144,Small apartment for great holiday!,,Valentino,N/A,,G12,4,1 bath,2,2,"[""Refrigerator"", ""Bed linens"", ""Stove"", ""Oven"", ""TV"", ""Luggage dropoff allowed"", ""Patio or balcony"", ""Backyard"", ""Free parking on premises"", ""Long term stays allowed"", ""Wifi"", ""Dishes and silverware"", ""Hot water"", ""Kitchen"", ""Heating""]",39,2,61,Apartment
715781,Appartamento Campiglio,,Emanuel,100%,,G13,4,1 bath,,4,"[""TV"", ""Free parking on premises"", ""Long term stays allowed"", ""Hangers"", ""Heating""]",300,6,0,Apartment
726907,un posto in paradiso,"La Valle di Fassa √® un ambito a forte vocazione turistica per il fascino delle sue montagne che hanno fatto la storia dell'alpinismo mondiale e per il patrimonio culturale e folcloristico delle popolazioni ladine residenti. La radicata tradizione di ospitalit√† della comunit√† locale, i servizi efficienti e le strutture all'avanguardia, l'unicit√† del paesaggio rappresentano i punti di forza che fanno della Valle di Fassa una delle mete turistiche pi√π apprezzate delle Alpi.",Alex,100%,"Vigo di fassa, Trentino, Italy",G14,4,1 bath,1,4,"[""Refrigerator"", ""Oven"", ""Washer"", ""Coffee maker"", ""Cable TV"", ""Patio or balcony"", ""Kitchen"", ""Backyard"", ""Fire extinguisher"", ""Free parking on premises"", ""Long term stays allowed"", ""Wifi"", ""Dishes and silverware"", ""Free street parking"", ""Essentials"", ""TV with standard cable"", ""Heating"", ""Cooking basics"", ""Microwave""]",68,7,42,Apartment
726936,BILO  SUPERIOR  4 PAX MARILLEVA 900,"Residence Kristall is the first one arriving at Marilleva 900, only 100 mt away from the cable to the slopes Marilleva/Folgarida (connection also by lift or skiing to Madonna di Campigio) and 800 mt from the village Mezzana.",Residence Kristall,100%,"Mezzana, Trentino, Italy",G15,4,1 bath,1,3,"[""Refrigerator"", ""Room-darkening shades"", ""TV"", ""Free parking on premises"", ""Long term stays allowed"", ""Dishes and silverware"", ""High chair"", ""Essentials"", ""Crib"", ""Kitchen"", ""Heating"", ""Elevator""]",88,7,1,Apartment
730565,"Passo del Tonale, Trento- Brescia Ponte di Legno",,Davide,100%,,G16,4,1 bath,1,1,"[""Refrigerator"", ""Stove"", ""TV"", ""Ski-in/Ski-out"", ""Free parking on premises"", ""Long term stays allowed"", ""Microwave"", ""Kitchen"", ""Heating"", ""Elevator""]",125,6,0,Apartment
740209,L'Oretta Moena Fata delle Dolomiti,"La posizione √® molto comoda e tranquilla per chi desidera avere tutti i servizi a disposizione (negozi, ristoranti, autobus/skibus, farmacia, edicole) nel raggio di 5 minuti a piedi e poter dimenticare l'uso della macchina.<br />Con pochi passi si raggiunge uno dei parchi giochi pi√π bello che io abbia mai visto, nonch√© una struttura di campi da tennis, beach volley, calcetto e bocce. Il tutto senza dimenticare coloro che preferiscono oziare sdraiati su una chaise-longue lungo il torrente.",Chiara,100%,"Moena, Trentino-Alto Adige/S√ºdtirol, Italy",G17,4,1 bath,2,2,"[""Bed linens"", ""Washer"", ""TV"", ""Coffee maker"", ""Baby safety gates"", ""Patio or balcony"", ""Long term stays allowed"", ""Hangers"", ""Iron"", ""Heating"", ""Hair dryer"", ""Luggage dropoff allowed"", ""Baby bath"", ""High chair"", ""Essentials"", ""Refrigerator"", ""Wifi"", ""Dishes and silverware"", ""Kitchen"", ""Children\u2019s dinnerware"", ""Cooking basics"", ""Free street parking"", ""Pack \u2019n play/Travel crib"", ""Stove"", ""Paid parking on premises"", ""Hot water"", ""Private entrance""]",101,4,85,Apartment
745668,SKIING AND SPAS IN PEIO,"In Peio 3 shops are country grocery store, 3 bars, 2 restaurants (one with pizza), Museum of the great war, Church, playground, Bank.<br />In Peio Fonti (1.5 Km), pastry shops, pubs, restaurants, pizzerias, Spa with wellness and pool, lifts to the ski slopes and summer hiking, the Park's Wildlife Center, cinema, tourist office.<br />In Cogolo (5 km) shops, supermarket, Bank, City Hall visitor center of the Park, restaurants and pizzeria, playground, skating, cross-country skiing.<br />Connections by bus and ski bus in winter.<br />The apartment is very panoramic and sunny.",Flavio,67%,"Peio, Trentino-Alto Adige/S√ºdtirol, Italy",G18,5,1 bath,1,3,"[""Dedicated workspace"", ""Washer"", ""Hair dryer"", ""Cable TV"", ""Luggage dropoff allowed"", ""Kitchen"", ""Free parking on premises"", ""Long term stays allowed"", ""Hangers"", ""Hot water"", ""Host greets you"", ""Iron"", ""Essentials"", ""TV with standard cable"", ""Heating"", ""Extra pillows and blankets""]",60,2,5,Apartment
772315,BILO4 A MARILLEVA900 SCI E NON SOLO,"Residence Kristall is the first one arriving at Marilleva 900, only 100 mt away from the cable to the slopes Marilleva/Folgarida (connection also by lift or skiing to Madonna di Campigio) and 800 mt from the village Mezzana.",Residence Kristall,100%,"Marilleva 900, Trentino-Alto Adige/S√ºdtirol, Italy",G19,4,1 bath,1,4,"[""Refrigerator"", ""Bed linens"", ""TV"", ""Hair dryer"", ""Crib"", ""Cooking basics"", ""Free parking on premises"", ""Long term stays allowed"", ""Wifi"", ""Dishes and silverware"", ""High chair"", ""Hot water"", ""Essentials"", ""Kitchen"", ""Heating"", ""Elevator"", ""Extra pillows and blankets""]",69,7,0,Apartment
772318,Mono2: soggiorno con divano a letto,"Residence Kristall is the first one arriving at Marilleva 900, only 100 mt away from the cable to the slopes Marilleva/Folgarida (connection also by lift or skiing to Madonna di Campigio) and 800 mt from the village Mezzana.",Residence Kristall,100%,"Mezzana, Trentino-Alto Adige/S√ºdtirol, Italy",G20,2,1 bath,1,2,"[""Refrigerator"", ""Room-darkening shades"", ""Bed linens"", ""Hot water kettle"", ""TV"", ""Hair dryer"", ""Coffee maker"", ""Elevator"", ""Long term stays allowed"", ""Clothing storage: dresser and closet"", ""Hangers"", ""Wifi"", ""Dishes and silverware"", ""Hot water"", ""Bidet"", ""Essentials"", ""Kitchen"", ""Heating"", ""Dining table"", ""Extra pillows and blankets""]",63,7,0,Apartment
872611,CASA VERDE - Apartament ERICA - with garden,Casa Verde is 800 mt. from the center of the village with supermarket and restaurant with agreement  at 100 mt,Anna,100%,"Dimaro, Trentino-Alto Adige/S√ºdtirol, Italy",G21,6,1.5 baths,2,4,"[""Bed linens"", ""Washer"", ""Coffee maker"", ""Cable TV"", ""Baby safety gates"", ""Patio or balcony"", ""BBQ grill"", ""Clothing storage: closet and dresser"", ""Laundromat nearby"", ""Long term stays allowed"", ""Hangers"", ""Indoor fireplace"", ""Iron"", ""Bidet"", ""Microwave"", ""Heating"", ""FRANKE refrigerator"", ""Hot water kettle"", ""Babysitter recommendations"", ""Room-darkening shades"", ""Hair dryer"", ""Shampoo"", ""Luggage dropoff allowed"", ""Baby bath"", ""Dedicated workspace: desk"", ""Safe"", ""Cleaning products"", ""High chair"", ""Drying rack for clothing"", ""FRANKE stainless steel oven"", ""Private garden or backyard"", ""Essentials"", ""Crib"", ""Dining table"", ""Changing table"", ""Wine glasses"", ""Private entrance"", ""SMEG stainless steel induction stove"", ""Hot tub"", ""Free parking on premises"", ""Wifi"", ""Dishes and silverware"", ""Baking sheet"", ""Kitchen"", ""Children\u2019s dinnerware"", ""Cooking basics"", ""Pack \u2019n play/Travel crib"", ""Freezer"", ""Conad body soap"", ""Smoke alarm"", ""Outdoor dining area"", ""Carbon monoxide alarm"", ""Fire extinguisher"", ""Ski-in/Ski-out"", ""Outdoor furniture"", ""Toaster"", ""Host greets you"", ""Hot water"", ""Dryer"", ""TV with standard cable"", ""Extra pillows and blankets"", ""Dishwasher""]",80,5,46,Apartment
873945,CASA VERDE - Apt MARGHERITA - two bathrooms,"In Winter<br />Casa Verde is only 1 km far from  the new cabin lift Daolasa to  ski on the slopes of Folgarida ‚Äì Marilleva connected with skis to Madonna di Campiglio. Pejo ski resort is 20 km far and Tonale and Presena Glacier are at 25 km. For cross country the nearest slope are in Commezzadura (1 km) and Passo Campo Carlo Magno (12 km), Ski mountaineering routes , snowshoe tracks in Val Meledrio or in the Stelvio National Park or Adamello Brenta Natural Parc, nordic walking routes, horseback riding, ice skating and regular swimmingpool in Mal√® (5km)  complete the offer. In Summer<br />The  medium  altitude, 800 m o.s.l., is ideal for relaxing holidays for families with children and seniors and at the same time also for active holiday for lovers of sport: trekking, mountain bike and rafting. The valley is sorrounded by  the most  important  mountain peaks of the central and eastern Alps as the Brenta Dolomites, the Ortler-Cevedale and Adamello Presanella groups and by the Stelvio Nat",Anna,100%,"Dimaro, Trentino-Alto Adige, Italy",G22,6,2 baths,2,6,"[""Washer"", ""Cable TV"", ""Long term stays allowed"", ""Hangers"", ""Indoor fireplace"", ""Iron"", ""Heating"", ""Dedicated workspace"", ""Hair dryer"", ""Shampoo"", ""Luggage dropoff allowed"", ""High chair"", ""Crib"", ""Essentials"", ""Hot tub"", ""Free parking on premises"", ""Wifi"", ""Kitchen"", ""Fire extinguisher"", ""Host greets you"", ""Hot water"", ""TV with standard cable""]",80,5,27,Apartment
921139,So close to Sellaronda lifts!,,Cecilia,60%,,G23,6,1 bath,2,4,"[""Bed linens"", ""Oven"", ""TV"", ""Coffee maker"", ""Baby safety gates"", ""Laundromat nearby"", ""Long term stays allowed"", ""Hangers"", ""Heating"", ""Dedicated workspace"", ""Hair dryer"", ""Private patio or balcony"", ""Essentials"", ""Refrigerator"", ""Stainless steel gas stove"", ""Wifi"", ""Dishes and silverware"", ""Kitchen"", ""Cooking basics"", ""Free street parking"", ""Smart lock"", ""Clothing storage: dresser and closet"", ""Hot water"", ""Extra pillows and blankets"", ""Dishwasher""]",80,7,55,Apartment
927170,Riz apartment house in the Dolomite,house in the historical center of a small mountain village whose residents live there always,Norberto,N/A,"Daiano, Trentino-Alto Adige/S√ºdtirol, Italy",G24,4,1 bath,1,2,"[""Washer"", ""TV"", ""Shampoo"", ""Coffee maker"", ""Luggage dropoff allowed"", ""Long term stays allowed"", ""First aid kit"", ""Dishes and silverware"", ""Hot water"", ""Dryer"", ""Essentials"", ""Kitchen"", ""Heating"", ""Free street parking""]",88,7,19,Apartment
946214,Cartier Laurina 11 of Riz Eugenio,"Str√®da de Gr√®va is a quiet side street of the Dolomites national road.<br />During the winter we suggest to people who choose not to ski to participate in one of the snow rackets excursions or alternatively take a trip on a horse drawn sledge towards Canazei.<br />During the summertime our guests can take part in a complimentary excursion accompanied by an alpine guide going to the ""malghe"" (mountain farms). With a contribution of ‚Ç¨10,00 they can sample a dish consisting of local products (cheese, speck etc.).",Eugenio E Rosanna,100%,"Campitello di Fassa, Trentino-Alto Adige/S√ºdtirol, Italy",G25,4,1.5 baths,2,4,"[""Pack \u2019n play/Travel crib"", ""Room-darkening shades"", ""Dedicated workspace"", ""Washer"", ""TV"", ""Hair dryer"", ""Refrigerator"", ""Baby safety gates"", ""Free parking on premises"", ""Hangers"", ""Hot water"", ""Wifi"", ""Dishes and silverware"", ""Bathtub"", ""Iron"", ""Host greets you"", ""Essentials"", ""Kitchen"", ""Heating"", ""Microwave""]",84,7,33,Apartment
960850,Cartier Laurina 19 of Riz Eugenio,"Str√®da de Gr√®va is a quiet side street of the Dolomites national road.<br />During the winter we suggest to people who choose not to ski to participate in one of the snow rackets excursions or alternatively take a trip on a horse drawn sledge towards Canazei.<br />During the summertime our guests can take part in a complimentary excursion accompanied by an alpine guide going to the ""malghe"" (mountain farms). With a contribution of ‚Ç¨10,00 they can sample a dish consisting of local products (cheese, speck etc.).",Eugenio E Rosanna,100%,"Campitello di Fassa, Trentino-Alto Adige/S√ºdtirol, Italy",G26,5,1.5 baths,2,4,"[""Pack \u2019n play/Travel crib"", ""Room-darkening shades"", ""Dedicated workspace"", ""Washer"", ""TV"", ""Hair dryer"", ""Baby safety gates"", ""Free parking on premises"", ""Hangers"", ""Hot water"", ""Wifi"", ""Dishes and silverware"", ""Bathtub"", ""Iron"", ""Host greets you"", ""Essentials"", ""Kitchen"", ""Heating""]",98,7,25,Apartment
1016693,Casa Belli Arco - Holiday home Gardalake region,"Are you looking for climbing, walking, surfing , and tasting original food ? That's is the way for Casa Belli ...",Franco,100%,"Arco, Trentino-Alto Adige/S√ºdtirol, Italy",G27,4,1 bath,1,1,"[""Bed linens"", ""TV"", ""Coffee maker"", ""Patio or balcony"", ""Backyard"", ""Long term stays allowed"", ""Hangers"", ""Microwave"", ""Heating"", ""Dedicated workspace"", ""Hair dryer"", ""Essentials"", ""Refrigerator"", ""Free parking on premises"", ""Wifi"", ""Dishes and silverware"", ""Kitchen"", ""Cooking basics"", ""Stove"", ""Host greets you"", ""Hot water"", ""Extra pillows and blankets""]",66,4,4,Apartment
1211930,"Mansarda a Ledro, comoda a Verona e lago di Garda","sport acquatici,nuoto, pedal√≥, tennis, mountain-bike, escursioni in montagna,surf,barca a vela, pareti di roccia da scalare.",Mariapia,100%,"Ledro, Trento, Italy",G28,5,1 bath,2,5,"[""Oven"", ""Washer"", ""TV"", ""Patio or balcony"", ""BBQ grill"", ""Backyard"", ""Long term stays allowed"", ""Hangers"", ""Indoor fireplace"", ""Iron"", ""Microwave"", ""Heating"", ""Dedicated workspace"", ""Hair dryer"", ""Shampoo"", ""Lake access"", ""High chair"", ""Essentials"", ""Refrigerator"", ""Free parking on premises"", ""Wifi"", ""Dishes and silverware"", ""Building staff"", ""Kitchen"", ""Cooking basics"", ""Stove"", ""First aid kit"", ""Hot water"", ""Private entrance"", ""Dishwasher""]",95,3,20,Apartment
1248260,Little house between apple orchard,"Around the house there is a parking space and the ability to keep the bike.<br />In the village there are the main services (food, hairdressing salon, bar) within a 5-minute walk away.<br />In particular, among the opportunity to immerse themselves in nature, from the apartment you can reach, walking in a canyon, the spectacular Sanctuary of San Romedio where to find refreshment for the soul and in summer for coolness!<br />I made with my daughters a guide on places we personally know to share it with those who will be here; for any request don't hesitate to ask us!",Carla,100%,"Sanzeno, Trentino-Alto Adige/S√ºdtirol, Italy",G29,2,1 bath,1,1,"[""Bed linens"", ""Coffee maker"", ""Clothing storage: closet and dresser"", ""Laundromat nearby"", ""Long term stays allowed"", ""Hangers"", ""Single level home"", ""Bidet"", ""Hair dryer"", ""Gas stove"", ""Private patio or balcony"", ""Drying rack for clothing"", ""Essentials"", ""Dining table"", ""Refrigerator"", ""Wine glasses"", ""Free parking on premises"", ""Dishes and silverware"", ""Kitchen"", ""Cooking basics"", ""Free street parking"", ""Hot water"", ""Private entrance"", ""Extra pillows and blankets""]",46,2,57,Apartment
1252024,"Superb view, close to city centre","very peaceful neighborhood, no traffic, uphill.",Chiara,90%,"Trento, Trentino-Alto Adige/S√ºdtirol, Italy",G30,5,2 baths,3,5,"[""Oven"", ""Washer"", ""TV"", ""Patio or balcony"", ""Long term stays allowed"", ""Hangers"", ""Indoor fireplace"", ""Iron"", ""Bathtub"", ""Microwave"", ""Heating"", ""Hot water kettle"", ""Dedicated workspace"", ""Room-darkening shades"", ""Hair dryer"", ""Shampoo"", ""Luggage dropoff allowed"", ""Cleaning products"", ""Drying rack for clothing"", ""Crib"", ""Essentials"", ""Refrigerator"", ""Free parking on premises"", ""Wifi"", ""Dishes and silverware"", ""Kitchen"", ""Cooking basics"", ""Stove"", ""Smoke alarm"", ""Children\u2019s books and toys"", ""Carbon monoxide alarm"", ""Toaster"", ""Hot water"", ""Dishwasher""]",120,2,16,Apartment
1278542,Villa Gobbo Val di Non-Tn  cipat 022173-at-058887,,Nelida,100%,,G31,4,1 bath,2,4,"[""Bed linens"", ""Oven"", ""Washer"", ""TV"", ""Coffee maker"", ""Patio or balcony"", ""Backyard"", ""Long term stays allowed"", ""Hangers"", ""Microwave"", ""Heating"", ""Dedicated workspace"", ""Hair dryer"", ""Luggage dropoff allowed"", ""Essentials"", ""Refrigerator"", ""Wifi"", ""Dishes and silverware"", ""Kitchen"", ""Cooking basics"", ""Free street parking"", ""Stove"", ""Smoke alarm"", ""Carbon monoxide alarm"", ""Fire extinguisher"", ""Host greets you"", ""Hot water""]",43,2,30,Apartment
1278750,monolocale mansarda cipat022173-at-058887,,Nelida,100%,,G32,2,1 bath,1,1,"[""Bed linens"", ""Oven"", ""TV"", ""Patio or balcony"", ""Backyard"", ""Long term stays allowed"", ""Hangers"", ""Heating"", ""Hair dryer"", ""Luggage dropoff allowed"", ""Essentials"", ""Refrigerator"", ""Wifi"", ""Dishes and silverware"", ""Kitchen"", ""Cooking basics"", ""Free street parking"", ""Stove"", ""Fire extinguisher"", ""Host greets you"", ""Cleaning before checkout"", ""Hot water"", ""Extra pillows and blankets""]",33,2,59,Apartment
1344922,Apartment SUN for 4 people in Torbole,"Together with the windsurfing club and the yachting club, Torbole‚Äôs best restaurants, supermarkets and banks, all those services that you could need during your holiday are all within and short walking distance.",Casa Barcelli,100%,"Nago-torbole, Trentino-Alto Adige/S√ºdtirol, Italy",G33,4,1 bath,,4,"[""Oven"", ""Washer"", ""TV"", ""Coffee maker"", ""Patio or balcony"", ""Long term stays allowed"", ""Hangers"", ""Indoor fireplace"", ""Iron"", ""Microwave"", ""Heating"", ""Babysitter recommendations"", ""Dedicated workspace"", ""Hair dryer"", ""Shampoo"", ""Lake access"", ""Luggage dropoff allowed"", ""Baby bath"", ""High chair"", ""Crib"", ""Essentials"", ""Changing table"", ""Refrigerator"", ""Free parking on premises"", ""Wifi"", ""Dishes and silverware"", ""Kitchen"", ""Air conditioning"", ""Cooking basics"", ""Pack \u2019n play/Travel crib"", ""Stove"", ""Host greets you"", ""Hot water""]",85,3,12,Apartment
1389891,BabaruM - Entire Home,"Volano (IPA: [/vo'lano/], Volam o 'Olam in Trentino dialect [2], in the past Nussdorf, equivalent to ""hazel"" in German [3]) is a town of 3,083 inhabitants. Small village with some historical sites of interest. Churches and castles within easy reach.",BabaruM,78%,"Volano, Trentino-Alto Adige/S√ºdtirol, Italy",G34,12,2 baths,4,10,"[""Bed linens"", ""Oven"", ""TV"", ""Game console"", ""Baby safety gates"", ""BBQ grill"", ""Backyard"", ""Long term stays allowed"", ""Hangers"", ""Single level home"", ""Iron"", ""Heating"", ""Dedicated workspace"", ""Hair dryer"", ""Luggage dropoff allowed"", ""Crib"", ""Essentials"", ""Refrigerator"", ""Wifi"", ""Dishes and silverware"", ""Baking sheet"", ""Shared patio or balcony"", ""Kitchen"", ""Cooking basics"", ""Free street parking"", ""Stove"", ""Smoke alarm"", ""Ethernet connection"", ""Children\u2019s books and toys"", ""Carbon monoxide alarm"", ""Fire extinguisher"", ""First aid kit"", ""Cleaning before checkout"", ""Hot water"", ""Private entrance""]",250,1,50,Apartment
1453842,1¬∞floor with covered terrace,"The building is located inside the Residential "" Al Sole "", in a quiet area just few minutes walking distance from town's center and the beaches of Torbole, a lovely little town that has preserved its original appearance typical of a fishing village. Nowadays it has become an internationally-renown sailing and wind-surfing spot.",Casa Tortuga Apartments,100%,"Torbole sul Garda, Trentino, Italy",G35,6,1 bath,2,6,"[""Bed linens"", ""Washer"", ""Coffee maker"", ""Patio or balcony"", ""Backyard"", ""Long term stays allowed"", ""Hangers"", ""Bathtub"", ""Iron"", ""Heating"", ""EV charger"", ""Dedicated workspace"", ""Room-darkening shades"", ""Hair dryer"", ""Shampoo"", ""Luggage dropoff allowed"", ""Baby bath"", ""High chair"", ""Crib"", ""Essentials"", ""Refrigerator"", ""Free parking on premises"", ""Wifi"", ""Dishes and silverware"", ""Air conditioning"", ""Kitchen"", ""Cooking basics"", ""Pack \u2019n play/Travel crib"", ""Stove"", ""Ethernet connection"", ""Children\u2019s books and toys"", ""Carbon monoxide alarm"", ""Fire extinguisher"", ""Hot water"", ""Private entrance"", ""Extra pillows and blankets"", ""Dishwasher""]",158,2,36,Apartment
1457725,BabaruM - BedBunks PRIVATE,"Volano (IPA: [/vo'lano/], Volam o 'Olam in Trentino dialect [2], in the past Nussdorf, equivalent to ""hazel"" in German [3]) is a town of 3,083 inhabitants. Small village with some historical sites of interest. Churches and castles within easy reach.",BabaruM,78%,"Volano, Trentino-Alto Adige, Italy",G36,4,1 bath,1,5,"[""Bed linens"", ""Oven"", ""TV"", ""Game console"", ""Baby safety gates"", ""Patio or balcony"", ""BBQ grill"", ""Backyard"", ""Long term stays allowed"", ""Hangers"", ""Single level home"", ""Iron"", ""Heating"", ""Dedicated workspace"", ""Hair dryer"", ""Luggage dropoff allowed"", ""Crib"", ""Essentials"", ""Refrigerator"", ""Free parking on premises"", ""Wifi"", ""Dishes and silverware"", ""Baking sheet"", ""Kitchen"", ""Cooking basics"", ""Free street parking"", ""Stove"", ""Children\u2019s books and toys"", ""Fire extinguisher"", ""First aid kit"", ""Cleaning before checkout"", ""Hot water"", ""Private entrance""]",90,2,1,Apartment
1544744,Mansarda su campi da sci COD. 022039-AT-709249,"Sotto casa i negozi e la comodissima fermata skibus, per tutti i collegamenti sciistici della Val di Fassa",Liliana,100%,"Alba-penia, Trentino-Alto Adige/S√ºdtirol, Italy",G37,4,1 bath,2,3,"[""Oven"", ""Washer"", ""TV"", ""Coffee maker"", ""Clothing storage: closet and dresser"", ""Long term stays allowed"", ""Hangers"", ""Iron"", ""Bidet"", ""Heating"", ""Dedicated workspace"", ""Hair dryer"", ""Refrigerator"", ""Wifi"", ""Dishes and silverware"", ""Kitchen"", ""Free street parking"", ""Stove"", ""Ski-in/Ski-out"", ""Host greets you"", ""Hot water"", ""Extra pillows and blankets""]",80,4,21,Apartment
1561239,Appartamento Rustico al piano terra,,Luigi,100%,,G38,4,1 bath,2,4,"[""Refrigerator"", ""Washer"", ""TV"", ""Private entrance"", ""Free parking on premises"", ""Long term stays allowed"", ""Kitchen""]",35,14,8,Apartment
1647050,Alessiohaus in CasaPergher a Folgaria - Trentino,,Ivan,20%,,G39,4,1 bath,2,,"[""Bed linens"", ""Oven"", ""Washer"", ""Coffee maker"", ""BBQ grill"", ""Backyard"", ""Long term stays allowed"", ""Iron"", ""Microwave"", ""Heating"", ""Hair dryer"", ""High chair"", ""Crib"", ""Refrigerator"", ""Free parking on premises"", ""Wifi"", ""Dishes and silverware"", ""Kitchen"", ""Cooking basics"", ""Free street parking"", ""Carbon monoxide alarm"", ""Cleaning before checkout"", ""Hot water"", ""Private entrance"", ""Dishwasher""]",112,2,4,Apartment
1648750,Accogliente trilocale stile alpino a Dimaro,"Posizione vicino al bosco, ai margini dell‚Äôantico paese di Carciato. Punto di partenza per bellissime escursioni immerse nella natura, che costeggia il torrente,anche non impegnative,  e percorribili a piedi, in mountain bike e passeggini e perfetto per nordic Walking!",Agenzia AlpenSole Di Falvo Antonell,100%,"Dimaro, Trentino-Alto Adige/S√ºdtirol, Italy",G40,4,1 bath,2,3,"[""Bed linens"", ""TV"", ""Coffee maker"", ""Patio or balcony"", ""BBQ grill"", ""Backyard"", ""Long term stays allowed"", ""Hangers"", ""Iron"", ""Heating"", ""Dedicated workspace"", ""Hair dryer"", ""Shampoo"", ""Luggage dropoff allowed"", ""Essentials"", ""Refrigerator"", ""Free parking on premises"", ""Wifi"", ""Dishes and silverware"", ""Kitchen"", ""Cooking basics"", ""Free street parking"", ""Stove"", ""Fire extinguisher"", ""Ski-in/Ski-out"", ""Outdoor furniture"", ""Host greets you"", ""Hot water"", ""Extra pillows and blankets""]",104,1,8,Apartment
1652881,CHARME HOLIDAYS IN TRENTINO,,Agriturismo,100%,,G41,4,1 bath,1,4,"[""Bed linens"", ""Washer"", ""TV"", ""Hair dryer"", ""Shampoo"", ""Pocket wifi"", ""Patio or balcony"", ""BBQ grill"", ""Fire extinguisher"", ""Free parking on premises"", ""Hangers"", ""Hot water"", ""First aid kit"", ""Wifi"", ""Iron"", ""Essentials"", ""Kitchen"", ""Heating"", ""Extra pillows and blankets""]",80,3,1,Apartment
1700712,Torbole Holiday House - Appartamento con giardino,"Torbole on Lake Garda is a fascination for sport fans<br /><br />Torbole, situated on the Northern gulf of Lake Garda, between Monte Baldo on the Eastern side and the Sarche plain on the Northern side, is the most sought-after destination for windsurfing fans. It is a sailing and windsurfing centre of international relevance. Torbole on Lake Garda is also a starting point for mountain bike excursions, easy walks and treks.  <br />Torbole used to be a little fishing and boating village. The tiny harbour is the most picturesque corner of Torbole, with its Old Customs House and House Beust.<br />Torbole fascinated even Goethe, who described its winds as one of the wonders of nature and a breathtaking sight. The enthusiastic descriptions of Goethe prompted many young painters and poets to visit Torbole on Lake Garda as part of  their Grand Tours.",Fabio,100%,"Torbole sul Garda, Trentino-Alto Adige/S√ºdtirol, Italy",G42,3,1 bath,1,2,"[""Bed linens"", ""TV"", ""Coffee maker"", ""BBQ grill"", ""Backyard"", ""Long term stays allowed"", ""Hangers"", ""Microwave"", ""Heating"", ""Hair dryer"", ""Shampoo"", ""Lake access"", ""Security cameras on property"", ""Essentials"", ""Refrigerator"", ""Wifi \u2013 50 Mbps"", ""Free parking on premises"", ""Dishes and silverware"", ""Cooking basics"", ""Free street parking"", ""Ethernet connection"", ""Carbon monoxide alarm"", ""Fire extinguisher"", ""Hot water"", ""Private entrance"", ""Dishwasher""]",91,3,67,Apartment
1711668,AgriturGiovanazzi AppartamentoErica,,Lorena,N/A,,G43,4,1 bath,2,3,"[""TV"", ""Free parking on premises"", ""Wifi"", ""Kitchen"", ""Heating""]",120,6,3,Apartment
1715277,Apartments in Torbole-Lake Garda,,Silvia,100%,,G44,6,1 bath,2,4,"[""Bed linens"", ""Washer"", ""Cable TV"", ""Patio or balcony"", ""Backyard"", ""Long term stays allowed"", ""Hangers"", ""Iron"", ""Microwave"", ""Heating"", ""Babysitter recommendations"", ""Dedicated workspace"", ""Hair dryer"", ""Shampoo"", ""Luggage dropoff allowed"", ""High chair"", ""Essentials"", ""Refrigerator"", ""Free parking on premises"", ""Wifi"", ""Dishes and silverware"", ""Air conditioning"", ""Kitchen"", ""Cooking basics"", ""Pack \u2019n play/Travel crib"", ""Stove"", ""Fire extinguisher"", ""Host greets you"", ""Hot water"", ""TV with standard cable"", ""Extra pillows and blankets""]",86,2,113,Apartment
1716587,"Casa Zugliani nelle Dolomiti, con grande giardino","Nelle vicinanze di Casa Zugliani si trova il centro di Mezzano ma anche bei prati, comode passeggiate, la pista ciclopedonale, il centro sportivo, parchi giochi, la pista di fondo illuminata.<br />Da non perdere il centro storico di Mezzano  - che fa parte del club dei ""Borghi pi√π belli d'Italia"" -  con il pregevole percorso Cataste&Canzei.",Mauro,100%,"Mezzano, Trentino-Alto Adige/S√ºdtirol, Italy",G45,8,2 baths,3,4,"[""Bed linens"", ""Oven"", ""Washer"", ""TV"", ""Coffee maker"", ""Patio or balcony"", ""BBQ grill"", ""Backyard"", ""Long term stays allowed"", ""Indoor fireplace"", ""Bathtub"", ""Iron"", ""Heating"", ""Hair dryer"", ""High chair"", ""Crib"", ""Essentials"", ""Changing table"", ""Refrigerator"", ""Free parking on premises"", ""Wifi"", ""Dishes and silverware"", ""Kitchen"", ""Cooking basics"", ""Pack \u2019n play/Travel crib"", ""Stove"", ""Host greets you"", ""Hot water"", ""Extra pillows and blankets"", ""Dishwasher""]",110,4,12,Apartment
1733796,GARDARCO   FLATS IN ARCO TOWN,"Arco town famous for all activities' related to outdoor living, relaxing, excellent climate throughout the year.",Mario,60%,"Arco, Trentino-Alto Adige/S√ºdtirol, Italy",G46,6,1 bath,2,3,"[""Bed linens"", ""TV"", ""Long term stays allowed"", ""Hangers"", ""Bidet"", ""Heating"", ""Hair dryer"", ""Shampoo"", ""Shower gel"", ""Cleaning products"", ""Body soap"", ""Crib"", ""Essentials"", ""Lockbox"", ""Free parking on premises"", ""Wifi"", ""Dishes and silverware"", ""Elevator"", ""Kitchen"", ""Clothing storage: closet"", ""Fire extinguisher"", ""Hot water"", ""Breakfast"", ""Private entrance"", ""Extra pillows and blankets""]",89,3,9,Apartment
1736819,Pianoterra con giardino in Val di Fiemme,,Emanuela,N/A,,G47,4,1 bath,2,4,"[""Bed linens"", ""Oven"", ""Washer"", ""TV"", ""Patio or balcony"", ""Backyard"", ""Long term stays allowed"", ""Hangers"", ""Single level home"", ""Iron"", ""Heating"", ""Dedicated workspace"", ""Room-darkening shades"", ""Hair dryer"", ""Shampoo"", ""High chair"", ""Essentials"", ""Refrigerator"", ""Free parking on premises"", ""Wifi"", ""Dishes and silverware"", ""Kitchen"", ""Cooking basics"", ""Pack \u2019n play/Travel crib"", ""Stove"", ""Hot water"", ""Extra pillows and blankets""]",70,4,66,Apartment
1748581,Terrazza Tonale: direttamente sulle piste da sci,"Passo del Tonale offre servizio di prima necessit√†: supermarket, farmacia, tabacchi, bar e ristoranti",Maria,N/A,"Passo del Tonale, Trentino-Alto Adige/S√ºdtirol, Italy",G48,6,1 bath,1,4,"[""Refrigerator"", ""Room-darkening shades"", ""Stove"", ""Washer"", ""TV"", ""Oven"", ""Patio or balcony"", ""Children\u2019s books and toys"", ""Ski-in/Ski-out"", ""Free parking on premises"", ""Long term stays allowed"", ""Dishes and silverware"", ""Single level home"", ""Elevator"", ""Kitchen"", ""Heating"", ""Cooking basics""]",120,5,4,Apartment
1758877,Katia apartment,"The apartment is located in Faver, a traditional village in the Valle di Cembra. <br />This valley is famous for  grappa and wines like the M√ºller Thurgau. <br />The apartment overlooks the spectacular pyramids of Segonzano. It is a rare geological phenomenon, unique in Trentino: high columns up to 20 m,overtopped in most cases by a large stone porphyry.",Giorgio,100%,"Faver, Trentino-Alto Adige/S√ºdtirol, Italy",G49,4,1 bath,2,4,"[""Washer"", ""TV"", ""Free parking on premises"", ""Long term stays allowed"", ""Wifi"", ""Essentials"", ""Kitchen"", ""Heating""]",90,4,22,Apartment
1770327,WONDERFUL FLAT IN THE CENTER IN BELLA VILLA,"The new Apartment is in the town centre of Riva del Garda, in a very central yet quiet area, only few steps away from the lake, historical centre, the Conservatory FA Bonporti, Sailing Club, Congress Building, Harbour and about 250 m. far from the beach.",Bella Villa,100%,"Riva del Garda, Trentino-Alto Adige/S√ºdtirol, Italy",G50,4,1 bath,1,2,"[""Dedicated workspace"", ""Washer"", ""Hair dryer"", ""Shampoo"", ""Cable TV"", ""Kitchen"", ""Long term stays allowed"", ""Hangers"", ""Wifi"", ""Iron"", ""Essentials"", ""TV with standard cable"", ""Heating"", ""Air conditioning""]",213,3,1,Apartment
1777329,BOTTONDORO- DOLOMITES no smoking,"WHETHER IT IS SUMMER OR WINTER<br /><br />Canazei is considered the capital of skiing in the Val di Fassa and is well known throughout the international ski scene. Who gets the comfortable cabin with automatic coupling from the town center is located just a few minutes ' projected in the largest and most spectacular skiing circuit in the world: the Sella Ronda. The wide and sunny conca del Belvedere, thanks to the many plants you can ski on ski area not only itself, but from here take in the famous Dolomiti Superski circuit. The choices are endless, ranging from easy, medium, until that marked reserved black skier boldest. In summer, Canazei offers many ideas for memorable excursions. Some names of peaks of the Dolomites as Pordoi, Sella and Marmolada evoke alone hiking and climbing tours that have made the history of the world. Between summer and winter, the fan is facing the embarrassment of choice. Canazei is forbidden, even bored at night!<br />Identity card of Canazei<br />NomeCan",David,100%,"Canazei, Trentino-Alto Adige, Italy",G51,7,2 baths,2,4,"[""Bed linens"", ""Washer"", ""Coffee maker"", ""Cable TV"", ""Backyard"", ""Long term stays allowed"", ""Hangers"", ""Single level home"", ""Iron"", ""Microwave"", ""Heating"", ""Babysitter recommendations"", ""Dedicated workspace"", ""Hair dryer"", ""Shampoo"", ""Luggage dropoff allowed"", ""Crib"", ""Essentials"", ""Refrigerator"", ""Private entrance"", ""Free parking on premises"", ""Wifi"", ""Dishes and silverware"", ""Building staff"", ""Kitchen"", ""Cooking basics"", ""Free street parking"", ""Pack \u2019n play/Travel crib"", ""Stove"", ""Smoke alarm"", ""Ethernet connection"", ""Carbon monoxide alarm"", ""Fire extinguisher"", ""Ski-in/Ski-out"", ""Cleaning before checkout"", ""Hot water"", ""Dryer"", ""TV with standard cable"", ""Extra pillows and blankets"", ""Dishwasher""]",108,4,21,Apartment
1780256,COZY ATTIC on the SELLARONDA,"WHETHER IT IS SUMMER OR WINTER<br />Canazei is considered the capital of skiing in the Val di Fassa and is well known throughout the international ski scene. Who gets the comfortable cabin with automatic coupling from the town center is located just a few minutes ' projected in the largest and most spectacular skiing circuit in the world: the Sella Ronda. The wide and sunny conca del Belvedere, thanks to the many plants you can ski on ski area not only itself, but from here take in the famous Dolomiti Superski circuit. The choices are endless, ranging from easy, medium, until that marked reserved black skier boldest. In summer, Canazei offers many ideas for memorable excursions. Some names of peaks of the Dolomites as Pordoi, Sella and Marmolada evoke alone hiking and climbing tours that have made the history of the world. Between summer and winter, the fan is facing the embarrassment of choice. Canazei is forbidden, even bored at night!<br />Identity card of Canazei<br />NomeCanazei. ",David,100%,"Canazei, Trentino-Alto Adige, Italy",G52,4,1 bath,1,3,"[""Bed linens"", ""Washer"", ""Coffee maker"", ""Cable TV"", ""Long term stays allowed"", ""Hangers"", ""Iron"", ""Microwave"", ""Heating"", ""Hot water kettle"", ""Babysitter recommendations"", ""Room-darkening shades"", ""Dedicated workspace"", ""Hair dryer"", ""Shampoo"", ""Luggage dropoff allowed"", ""Crib"", ""Essentials"", ""Dining table"", ""Wine glasses"", ""Refrigerator"", ""Free parking on premises"", ""Wifi"", ""Dishes and silverware"", ""Building staff"", ""Kitchen"", ""Cooking basics"", ""Free street parking"", ""Pack \u2019n play/Travel crib"", ""Stove"", ""Freezer"", ""Smoke alarm"", ""Ethernet connection"", ""Carbon monoxide alarm"", ""Fire extinguisher"", ""Toaster"", ""Cleaning before checkout"", ""Hot water"", ""Dryer"", ""TV with standard cable"", ""Extra pillows and blankets"", ""Dishwasher""]",84,4,19,Apartment
1845279,Fantastisch en groot appartement met panorama,"Dichtbij het Gardameer, de boulevard met restaurants, zeilclub, winkels, centrum. Het oude centrum is ook vlakbij.",Joost,100%,"Riva del Garda, Trentino-Alto Adige/S√ºdtirol, Italy",G53,4,1 bath,2,3,"[""Bed linens"", ""Oven"", ""Washer"", ""Coffee maker"", ""Cable TV"", ""Patio or balcony"", ""Long term stays allowed"", ""Hangers"", ""Iron"", ""Microwave"", ""Heating"", ""Dedicated workspace"", ""Hair dryer"", ""Pocket wifi"", ""Crib"", ""Essentials"", ""Refrigerator"", ""Free parking on premises"", ""Wifi"", ""Dishes and silverware"", ""Kitchen"", ""Cooking basics"", ""Stove"", ""Host greets you"", ""Hot water"", ""TV with standard cable"", ""Extra pillows and blankets""]",70,4,29,Apartment
1864113,"Great slopes, walks and much more!",I love that everything is convenient and the area is very quiet and relaxing but if you want people or shopping you have all of that 5 min away !,Alessandra,50%,"Campo Carlo Magno, Trentino-Alto Adige/S√ºdtirol, Italy",G54,6,2 baths,3,6,"[""Bed linens"", ""Washer"", ""TV"", ""Coffee maker"", ""Long term stays allowed"", ""Hangers"", ""Microwave"", ""Heating"", ""Room-darkening shades"", ""Hair dryer"", ""Crib"", ""Essentials"", ""Refrigerator"", ""Free parking on premises"", ""Dishes and silverware"", ""Kitchen"", ""Cooking basics"", ""Pack \u2019n play/Travel crib"", ""Stove"", ""Children\u2019s books and toys"", ""Host greets you"", ""Hot water"", ""Dishwasher""]",160,3,19,Apartment
1882273,Casa BarbiCanevei GIAN,"Where are we?<br /><br />We are steps away from the old parish church of Baselga and the historic core. In 10 minutes walk you arrive at the Lake of the Serr√†ia, 4 supermarkets, pizzerias, restaurants and bars.",Veronica & Anton,100%,"Baselga, Trentino-Alto Adige/S√ºdtirol, Italy",G55,4,1 bath,2,3,"[""Bed linens"", ""Central heating"", ""Oven"", ""TV"", ""Coffee maker"", ""Patio or balcony"", ""Long term stays allowed"", ""Hangers"", ""Iron"", ""Hot water kettle"", ""Babysitter recommendations"", ""Room-darkening shades"", ""Dedicated workspace"", ""Hair dryer"", ""Shampoo"", ""Luggage dropoff allowed"", ""Baby bath"", ""Free washer \u2013 In unit"", ""Cleaning products"", ""High chair"", ""Private garden or backyard"", ""Crib"", ""Essentials"", ""Bikes"", ""Board games"", ""Changing table"", ""Refrigerator"", ""Wifi"", ""Dishes and silverware"", ""Baking sheet"", ""Baby monitor"", ""Kitchen"", ""Children\u2019s dinnerware"", ""Cooking basics"", ""Free street parking"", ""Pack \u2019n play/Travel crib"", ""Stove"", ""Freezer"", ""Outdoor dining area"", ""Children\u2019s books and toys for ages 0-2 years old and 2-5 years old"", ""First aid kit"", ""Host greets you"", ""Hot water"", ""Extra pillows and blankets"", ""Dishwasher""]",67,2,61,Apartment
1885587,Casa BarbiCanevei GIULIO,"Siamo a due passi dall'antica Pieve di Baselga e al nucleo storico. In 10 minuti a piedi si arriva al Lago della Serraia, a 4 supermercati, pizzerie, ristoranti e bar.",Veronica & Anton,100%,"Baselga, Trentino-Alto Adige/S√ºdtirol, Italy",G56,4,1 bath,2,3,"[""Bed linens"", ""Oven"", ""Washer"", ""TV"", ""Coffee maker"", ""Patio or balcony"", ""Backyard"", ""Long term stays allowed"", ""Hangers"", ""Single level home"", ""Bathtub"", ""Iron"", ""Heating"", ""Babysitter recommendations"", ""Dedicated workspace"", ""Hair dryer"", ""Shampoo"", ""Luggage dropoff allowed"", ""Baby bath"", ""High chair"", ""Crib"", ""Essentials"", ""Changing table"", ""Refrigerator"", ""Free parking on premises"", ""Wifi"", ""Dishes and silverware"", ""Baby monitor"", ""Kitchen"", ""Children\u2019s dinnerware"", ""Cooking basics"", ""Free street parking"", ""Pack \u2019n play/Travel crib"", ""Stove"", ""First aid kit"", ""Host greets you"", ""Hot water"", ""Dishwasher""]",66,2,47,Apartment
1992640,MARILLEVA NATALE e  BEFANA  - 6 p. letto,,Clarissa,20%,,G57,6,1 bath,1,6,"[""Cable TV"", ""Pool"", ""Hot tub"", ""Free parking on premises"", ""Wifi"", ""Elevator"", ""Kitchen"", ""Heating"", ""TV with standard cable""]",90,2,5,Apartment
2002066,Studio in the Dolomites Center,"WHETHER IT IS SUMMER OR WINTER<br />Canazei is considered the capital of skiing in the Val di Fassa and is well known throughout the international ski scene. Who gets the comfortable cabin with automatic coupling from the town center is located just a few minutes ' projected in the largest and most spectacular skiing circuit in the world: the Sella Ronda. The wide and sunny conca del Belvedere, thanks to the many plants you can ski on ski area not only itself, but from here take in the famous Dolomiti Superski circuit. The choices are endless, ranging from easy, medium, until that marked reserved black skier boldest. In summer, Canazei offers many ideas for memorable excursions. Some names of peaks of the Dolomites as Pordoi, Sella and Marmolada evoke alone hiking and climbing tours that have made the history of the world. Between summer and winter, the fan is facing the embarrassment of choice. Canazei is forbidden, even bored at night!<br />Identity card of Canazei<br />NomeCanazei. ",David,100%,"Canazei, Trentino-Alto Adige, Italy",G58,4,1 bath,1,1,"[""Bed linens"", ""Washer"", ""TV"", ""Coffee maker"", ""Patio or balcony"", ""Long term stays allowed"", ""Hangers"", ""Iron"", ""Microwave"", ""Heating"", ""Babysitter recommendations"", ""Dedicated workspace"", ""Hair dryer"", ""Shampoo"", ""Luggage dropoff allowed"", ""Crib"", ""Essentials"", ""Refrigerator"", ""Free parking on premises"", ""Wifi"", ""Dishes and silverware"", ""Building staff"", ""Kitchen"", ""Cooking basics"", ""Free street parking"", ""Pack \u2019n play/Travel crib"", ""Stove"", ""Smoke alarm"", ""Ethernet connection"", ""Carbon monoxide alarm"", ""Fire extinguisher"", ""Cleaning before checkout"", ""Hot water"", ""Dryer"", ""Extra pillows and blankets"", ""Dishwasher""]",66,4,6,Apartment
2002148,Cozy and bright in the town center,"WHETHER IT IS SUMMER OR WINTER<br /><br />Canazei is considered the capital of skiing in the Val di Fassa and is well known throughout the international ski scene. Who gets the comfortable cabin with automatic coupling from the town center is located just a few minutes ' projected in the largest and most spectacular skiing circuit in the world: the Sella Ronda. The wide and sunny conca del Belvedere, thanks to the many plants you can ski on ski area not only itself, but from here take in the famous Dolomiti Superski circuit. The choices are endless, ranging from easy, medium, until that marked reserved black skier boldest. In summer, Canazei offers many ideas for memorable excursions. Some names of peaks of the Dolomites as Pordoi, Sella and Marmolada evoke alone hiking and climbing tours that have made the history of the world. Between summer and winter, the fan is facing the embarrassment of choice. Canazei is forbidden, even bored at night!<br />Identity card of Canazei<br />NomeCan",David,100%,"Canazei, Trentino-Alto Adige, Italy",G59,6,2 baths,2,3,"[""Washer"", ""TV"", ""Coffee maker"", ""Long term stays allowed"", ""Hangers"", ""Iron"", ""Heating"", ""Dedicated workspace"", ""Hair dryer"", ""Shampoo"", ""Luggage dropoff allowed"", ""Crib"", ""Essentials"", ""Free parking on premises"", ""Wifi"", ""Dishes and silverware"", ""Building staff"", ""Kitchen"", ""Cooking basics"", ""Free street parking"", ""Pack \u2019n play/Travel crib"", ""Smoke alarm"", ""Carbon monoxide alarm"", ""Fire extinguisher"", ""Hot water"", ""Dryer""]",121,4,38,Apartment
2002317,Attic in the Town center Dolomites,"WHETHER IT IS SUMMER OR WINTER<br />Canazei is considered the capital of skiing in the Val di Fassa and is well known throughout the international ski scene. Who gets the comfortable cabin with automatic coupling from the town center is located just a few minutes ' projected in the largest and most spectacular skiing circuit in the world: the Sella Ronda. The wide and sunny conca del Belvedere, thanks to the many plants you can ski on ski area not only itself, but from here take in the famous Dolomiti Superski circuit. The choices are endless, ranging from easy, medium, until that marked reserved black skier boldest. In summer, Canazei offers many ideas for memorable excursions. Some names of peaks of the Dolomites as Pordoi, Sella and Marmolada evoke alone hiking and climbing tours that have made the history of the world. Between summer and winter, the fan is facing the embarrassment of choice. Canazei is forbidden, even bored at night!<br />Identity card of Canazei<br />NomeCanazei. ",David,100%,"Canazei, Trentino-Alto Adige, Italy",G60,4,1 bath,2,3,"[""Bed linens"", ""Washer"", ""Coffee maker"", ""Cable TV"", ""Long term stays allowed"", ""Hangers"", ""Iron"", ""Microwave"", ""Heating"", ""Babysitter recommendations"", ""Dedicated workspace"", ""Hair dryer"", ""Shampoo"", ""Luggage dropoff allowed"", ""Crib"", ""Essentials"", ""Refrigerator"", ""Free parking on premises"", ""Wifi"", ""Dishes and silverware"", ""Building staff"", ""Kitchen"", ""Cooking basics"", ""Free street parking"", ""Stove"", ""Ethernet connection"", ""Fire extinguisher"", ""Cleaning before checkout"", ""Hot water"", ""Dryer"", ""TV with standard cable"", ""Extra pillows and blankets"", ""Dishwasher""]",108,4,59,Apartment
2011959,"bellissima mansarda ""Peschiera""","Zona residenziale di Mezzana servita da un market, di fronte al Parco giochi Comunale.",Agostino,94%,"Mezzana, Trentino-Alto Adige/S√ºdtirol, Italy",G61,4,1 bath,2,3,"[""Oven"", ""Washer"", ""TV"", ""Coffee maker"", ""Patio or balcony"", ""Long term stays allowed"", ""Microwave"", ""Heating"", ""Hair dryer"", ""Security cameras on property"", ""Crib"", ""Refrigerator"", ""Free parking on premises"", ""Wifi"", ""Dishes and silverware"", ""Kitchen"", ""Free street parking"", ""Stove"", ""Fire extinguisher"", ""Hot water"", ""Dishwasher""]",23,6,11,Apartment
2021500,"Dolomiti Apartment ""Majon Vajolet -  Carezza""",,Luisa,100%,,G62,5,1 bath,2,5,"[""Washer"", ""Hair dryer"", ""Cable TV"", ""Kitchen"", ""Fire extinguisher"", ""Free parking on premises"", ""Long term stays allowed"", ""Wifi"", ""Iron"", ""TV with standard cable"", ""Heating""]",100,7,5,Apartment
2033118,"Panor√°mica mansarda ""Nogaiole""","zona residenziale privilegiata e strategica per piste ciclabili, zona rafting, centro sportivo, centro equitazione, tiro con l' arco e minigolf",Agostino,94%,"Mezzana , Trento, Italy",G63,4,1 bath,2,1,"[""Refrigerator"", ""Stove"", ""Washer"", ""TV"", ""Hair dryer"", ""Smoke alarm"", ""Fire extinguisher"", ""Free parking on premises"", ""Long term stays allowed"", ""Wifi"", ""Dishes and silverware"", ""Free street parking"", ""Hot water"", ""Essentials"", ""Kitchen"", ""Heating"", ""Security cameras on property"", ""Cooking basics"", ""Microwave""]",21,5,8,Apartment
2033190,"Mansarda confortevole ""Stabli""","zona residenziale privilegiata e strategica per piste ciclabili, zona rafting, centro sportivo, centro equitazione, tiro con l' arco e minigolf",Agostino,94%,"Mezzana, Trento, Italy",G64,4,1 bath,2,2,"[""Oven"", ""Washer"", ""TV"", ""Coffee maker"", ""Long term stays allowed"", ""Microwave"", ""Heating"", ""Security cameras on property"", ""Essentials"", ""Crib"", ""Refrigerator"", ""Free parking on premises"", ""Wifi"", ""Dishes and silverware"", ""Kitchen"", ""Free street parking"", ""Stove"", ""Smoke alarm"", ""Fire extinguisher"", ""Hot water"", ""Dishwasher""]",24,5,13,Apartment
2054723,"Lake Garda, wide terrace and sun",The district of S.Alessandro where is situated the apartment is well link with the entire area of Riva del Garda. Bike&walk path and public transport make the district a close area to the Garda Lake. <br />Close to the house you will find a shop where you can buy newspaper but also some foods.,Roberto,N/A,"Riva del Garda, Trentino-Alto Adige/S√ºdtirol, Italy",G65,4,1 bath,1,1,"[""Bed linens"", ""Oven"", ""Coffee maker"", ""Cable TV"", ""Patio or balcony"", ""Backyard"", ""Long term stays allowed"", ""Hangers"", ""Iron"", ""Bidet"", ""Heating"", ""Hot water kettle"", ""Dedicated workspace"", ""Hair dryer"", ""Luggage dropoff allowed"", ""Free washer \u2013 In unit"", ""High chair"", ""Drying rack for clothing"", ""Crib"", ""Essentials"", ""Refrigerator"", ""Wine glasses"", ""Private entrance"", ""Free parking on premises"", ""Wifi"", ""Dishes and silverware"", ""Baking sheet"", ""Air conditioning"", ""Kitchen"", ""Cooking basics"", ""Free street parking"", ""Pack \u2019n play/Travel crib"", ""Freezer"", ""Outdoor dining area"", ""Carbon monoxide alarm"", ""Fire extinguisher"", ""First aid kit"", ""Host greets you"", ""Hot water"", ""TV with standard cable"", ""Extra pillows and blankets""]",73,2,288,Apartment
2125785,LOVELY APARTMENT BRENTA DOLOMITES,,Angelo,56%,,G66,6,1 bath,1,6,"[""Hair dryer"", ""Shampoo"", ""Cable TV"", ""Kitchen"", ""Free parking on premises"", ""Long term stays allowed"", ""Iron"", ""TV with standard cable"", ""Heating""]",80,4,19,Apartment
2168118,accurate and comfortable apartment,,Nadia,100%,,G67,5,1 bath,1,6,"[""Bed linens"", ""Oven"", ""Washer"", ""TV"", ""BBQ grill"", ""Long term stays allowed"", ""Hangers"", ""Indoor fireplace"", ""Bathtub"", ""Iron"", ""Private fenced garden or backyard"", ""Heating"", ""Hair dryer"", ""Shampoo"", ""Private patio or balcony"", ""Essentials"", ""Refrigerator"", ""Keypad"", ""Free parking on premises"", ""Dishes and silverware"", ""Kitchen"", ""Cooking basics"", ""Free street parking"", ""Stove"", ""Fire extinguisher"", ""Ski-in/Ski-out"", ""Hot water"", ""Private entrance""]",82,6,23,Apartment
2227624,"NICE, QUIET APARTAMENT IN TRENTINO",,Matteo,100%,,G68,6,1 bath,2,3,"[""Washer"", ""TV"", ""Free parking on premises"", ""Long term stays allowed"", ""Wifi"", ""Kitchen"", ""Heating""]",95,3,0,Apartment
2241212,Cozy attic with Dolomites view,"The apartment is located in the quiet village of St. Antonio di Mavignola, 5 minutes from Madonna di Campiglio and Pinzolo.",Giorgia,N/A,"Sant'antonio di Mavignola, Trentino-Alto Adige/S√ºdtirol, Italy",G69,5,1 bath,2,5,"[""Refrigerator"", ""Bed linens"", ""Stove"", ""Washer"", ""TV"", ""Hair dryer"", ""Patio or balcony"", ""Free parking on premises"", ""Long term stays allowed"", ""Dishes and silverware"", ""Hot water"", ""Essentials"", ""Kitchen"", ""Heating"", ""Elevator""]",100,2,32,Apartment
2245097,IN VACANZA COMODI COME A CASA ...,"L'edificio √® situato nel centro storico di Sfruz, piccolo e caratteristico paesino sull'altopiano della Predaia a ridosso di alcune passeggiate nel bosco.<br />Si tratta di una localit√† tranquilla adatta alle famiglie con bambini, agli amanti delle passeggiate,ai cercatori di funghi, agli amanti della mountain- bike, agli appassionati della cucina regionale.",Flavio,100%,"Sfruz, Trentino-Alto Adige/S√ºdtirol, Italy",G70,4,1 bath,1,2,"[""Refrigerator"", ""Oven"", ""Washer"", ""TV"", ""Hair dryer"", ""Backyard"", ""Free parking on premises"", ""Long term stays allowed"", ""Hangers"", ""Hot water"", ""Wifi"", ""Dishes and silverware"", ""Free street parking"", ""Iron"", ""Essentials"", ""Kitchen"", ""Heating"", ""Cooking basics""]",43,3,76,Apartment
2251219,Apartment for 5-7 persons with 2 bathrooms,"Pozza di Fassa is a nice alpine town located in the heart of Val di Fassa. It is an ideal location for those who love the mountains and would like to discover the Dolomites. The typical alpine style town offers various possibilities to spend a wonderful holiday in the Alps in the winter and in the summer for adults and children. Here you will find many craft shops, traditional Italian and South Tyrol restaurants, shops bars etc. <br /><br />The village of Pera, where our residence with 8 apartments is located, is a fraction of Pozza and there is just a 10-minute walk between 2 villages. A supermarket, bakery, ATM bancomat is 300 meters from our house, pizzeria at 50 meters and restaurant-pizzeria 200 meters, ski/snowboard/bike rent 50 meters.<br /><br />In the winter, the Val di Fassa is a genuine paradise for skiers with more than 200 km of slopes and countless connections with the surrounding ski resorts. But this beautiful Dolomite valley is not only ideal for downhill ski fanatics.",Adriano,N/A,"Pera, Trentino-Alto Adige/S√ºdtirol, Italy",G71,7,2 baths,2,5,"[""Bed linens"", ""Cable TV"", ""BBQ grill"", ""Hangers"", ""Iron"", ""Bidet"", ""Microwave"", ""Hot water kettle"", ""Room-darkening shades"", ""Hair dryer"", ""Shampoo"", ""Wifi \u2013 100 Mbps"", ""Safe"", ""High chair"", ""Drying rack for clothing"", ""Body soap"", ""Crib"", ""Essentials"", ""Bikes"", ""Dining table"", ""Refrigerator"", ""Free parking on premises"", ""Radiant heating"", ""Dishes and silverware"", ""Elevator"", ""Kitchen"", ""Free washer \u2013 In building"", ""Stove"", ""Freezer"", ""Clothing storage: closet"", ""Ski-in/Ski-out"", ""Toaster"", ""Hot water"", ""TV with standard cable"", ""Extra pillows and blankets"", ""Dishwasher""]",79,7,15,Apartment
2297081,Casa Knapp Lavarone :ampio + ascensore + 2 balconi,"Cappella √® una zona molto ben servita: nel raggio di 150 metri si trova tutto! (supermercato, pizzeria, latteria, cartoleria, Lavarone Wellness, ristorante, bar con giornali ed il bellissimo Parco Pal√π",Enrica,100%,"Lavarone, Trento, Trentino-Alto Adige/S√ºdtirol, Italy",G72,6,1 bath,2,,"[""Washer"", ""TV"", ""Patio or balcony"", ""Long term stays allowed"", ""Hangers"", ""Microwave"", ""Heating"", ""Hair dryer"", ""High chair"", ""Crib"", ""Refrigerator"", ""Free parking on premises"", ""Wifi"", ""Dishes and silverware"", ""Building staff"", ""Elevator"", ""Kitchen"", ""Cooking basics"", ""Pack \u2019n play/Travel crib"", ""Stove"", ""Hot water"", ""Dishwasher""]",147,7,2,Apartment
2324307,Panoramic view from your home in Val di Fassa,"Pozza di Fassa is a nice alpine town located in the heart of Val di Fassa. It is an ideal location for those who love the mountains and would like to discover the Dolomites. The typical alpine style town offers various possibilities to spend a wonderful holiday in the Alps in the winter and in the summer for adults and children. Here you will find many craft shops, traditional Italian and South Tyrol restaurants, shops bars etc. <br /><br />The village of Pera, where our residence with 8 apartments is located, is a fraction of Pozza and there is just a 10-minute walk between 2 villages. A supermarket, bakery, ATM bancomat is 300 meters from our house, pizzeria at 50 meters and restaurant-pizzeria 200 meters, ski/snowboard/bike rent 50 meters.<br /><br />In the winter, the Val di Fassa is a genuine paradise for skiers with more than 200 km of slopes and countless connections with the surrounding ski resorts. But this beautiful Dolomite valley is not only ideal for downhill ski fanatics.",Adriano,N/A,"Pera, Trentino-Alto Adige/S√ºdtirol, Italy",G73,4,1 bath,1,2,"[""Bed linens"", ""BBQ grill"", ""Iron"", ""Microwave"", ""Hot water kettle"", ""Room-darkening shades"", ""Hair dryer"", ""Shampoo"", ""Luggage dropoff allowed"", ""Wifi \u2013 100 Mbps"", ""Private patio or balcony"", ""Safe"", ""High chair"", ""Drying rack for clothing"", ""Body soap"", ""Crib"", ""Essentials"", ""Bikes"", ""Dining table"", ""Refrigerator"", ""Free parking on premises"", ""Radiant heating"", ""Dishes and silverware"", ""Elevator"", ""Kitchen"", ""Free washer \u2013 In building"", ""Stove"", ""Freezer"", ""Clothing storage: closet"", ""Outdoor dining area"", ""Ski-in/Ski-out"", ""Toaster"", ""Hot water"", ""43\"" HDTV with Amazon Prime Video, Apple TV, Netflix"", ""Extra pillows and blankets"", ""Dishwasher""]",66,7,13,Apartment
2329082,Mountain holiday in Rumo !,"The building is located in a small village of 100 inhabitants , in a very quiet , very little traffic . Children can play safely in the square in front of the apartment. 'll Find a quiet restful and relaxing .<br />- Outside the apartment , in the square, there are available spaces , or 100 meters there is a large public car park.",Giorgio,100%,"Mione-corte Inferiore, Trentino-Alto Adige, Italy",G74,10,2 baths,4,9,"[""Oven"", ""Washer"", ""TV"", ""Coffee maker"", ""BBQ grill"", ""Backyard"", ""Long term stays allowed"", ""Hangers"", ""Iron"", ""Microwave"", ""Heating"", ""Hair dryer"", ""Shampoo"", ""Luggage dropoff allowed"", ""Outlet covers"", ""Crib"", ""Essentials"", ""Refrigerator"", ""Dishes and silverware"", ""Kitchen"", ""Cooking basics"", ""Free street parking"", ""Stove"", ""Smoke alarm"", ""Carbon monoxide alarm"", ""First aid kit"", ""Host greets you"", ""Hot water"", ""Dishwasher""]",143,5,19,Apartment
2330183,Bilocale comodo e caratteristico,"Paese tranquillo, esposto al sole e facilmente raggiungibile, possibilit√† di escursioni a piedi direttamente dal paese.",Domenico,71%,"commezzadura, Trentino-Alto Adige/S√ºdtirol, Italy",G75,3,1 bath,1,3,"[""TV"", ""Hair dryer"", ""Shampoo"", ""Free parking on premises"", ""Long term stays allowed"", ""Host greets you"", ""Hot water"", ""Kitchen"", ""Heating"", ""Free street parking""]",60,5,33,Apartment
2354665,CIASA ALFONSOAPPARTAMENTO 1 PIANO,"Lungo l'Avisio, che attraversa tutta la valle,  potete trovare sia parchi giochi attrezzati per i bambini e aree di sosta per rilassanti pic nic sia  percorsi vita con attrezzature per attivit√† sportive.<br /><br />Per chi desidera un altro tipo di attivit√† consiglio: <br /><br />Hotel Foresta, Moena -  Strada De La Comunit√† De Fiem 42, 38035 Moena, Italia - ottimo  ristorante segnalato dalla guida Michelin con un buon rapporto qualit√† prezzo.<br /><br />Post Hotel Ristorante Tyrol Piaz De Ramo 8 38035 Moena (TN)<br />ottimo  ristorante  con un buon rapporto qualit√† prezzo.<br /><br />Agritur Agua Biencia Azienda agricola Chenetti Silvano<br />Localit√† Ramon - 38036 - Pozza di Fassa (TN)<br />E' possibile mangiare, e ritrovarsi subito davanti al mondo doloMITICO.",Orazio,100%,"Campestrini, Trentino-Alto Adige/S√ºdtirol, Italy",G76,4,2 baths,2,4,"[""TV"", ""Fire extinguisher"", ""Free parking on premises"", ""Long term stays allowed"", ""Wifi"", ""Essentials"", ""Kitchen"", ""Heating""]",57,4,1,Apartment
2395846,APARTMENT RUMO FR . MIONE 1,"The building is located in a small village of 100 inhabitants , in a very quiet , very little traffic . Children can play safely in the square in front of the apartment. 'll Find a quiet restful and relaxing .<br />- Outside the apartment , in the square, there are available spaces , or 100 meters there is a large public car park.",Giorgio,100%,"RUMO, Trentino-Alto Adige/S√ºdtirol, Italy",G77,4,1 bath,2,4,"[""Washer"", ""TV"", ""Coffee maker"", ""Patio or balcony"", ""BBQ grill"", ""Backyard"", ""Long term stays allowed"", ""Single level home"", ""Indoor fireplace"", ""Iron"", ""Microwave"", ""Heating"", ""Hair dryer"", ""Luggage dropoff allowed"", ""Essentials"", ""Refrigerator"", ""Dishes and silverware"", ""Kitchen"", ""Cooking basics"", ""Carbon monoxide alarm"", ""First aid kit"", ""Host greets you"", ""Hot water""]",70,5,2,Apartment
2403403,Wonderful apartment with a view,"Vetriolo Terme is a small and beautiful mountain village (1500 m) above Levico Terme which is 12 km away, also located at a very short distance from the lakes of Levico and Caldonazzo. The place is ideal for a holiday of relax and tranquility; you can make beautiful walks, through conifer woods, in a landscape truly impressive and breathtaking.",La Fenice Snc,100%,"Levico Terme, Trentino-Alto Adige/S√ºdtirol, Italy",G78,5,1 bath,2,4,"[""Washer"", ""TV"", ""Private entrance"", ""Fire extinguisher"", ""Free parking on premises"", ""Long term stays allowed"", ""Hangers"", ""Kitchen"", ""Heating""]",110,3,2,Apartment
2404048,"Mansarda a Moena, la fata delle Dolomiti","Moena √® deliziosa e offre svariate possibilit√† di camminate in estate e di sciate in inverno. √à vero che per ora gli impianti di risalita non partono dal paese, tuttavia ogni giorno si pu√≤ scegliere di sciare in un comprensorio diverso e cambiare cos√¨ piste da sci a seconda delle preferenze in pochi minuti di auto: Latemar, Cermis, San Pellegrino, Luisa, Col Margherita, Buffaure, Pozza di Fassa, Canazei ed il giro dei quattro passi.<br />Il quartiere dove si trova il mio appartamento, il rione Turchia, √® silenzioso e molto carino: in estate, in agosto,  organizzano una festa folcloristica proprio sotto casa, con vendita di prodotti tipici, musica, balli, abitanti e turisti che si abbigliano del tipico costume tirolese per meglio entrare nell‚Äôatmosfera festaiola.<br />Il comune di Moena organizza diverse feste di paese durante l‚Äôestate soprattutto, come la famosa Desmontegada, il ritorno delle mandrie dall‚Äôalpeggio e il gustoso festival del puzzone di moena DOP.",Claudia,100%,"Moena, Trentino-Alto Adige/S√ºdtirol, Italy",G79,4,1.5 baths,3,3,"[""Refrigerator"", ""Stove"", ""Oven"", ""TV"", ""Hair dryer"", ""Backyard"", ""Fire extinguisher"", ""Free parking on premises"", ""Long term stays allowed"", ""Hangers"", ""Hot water"", ""Dishes and silverware"", ""Bathtub"", ""Essentials"", ""Kitchen"", ""Heating"", ""Cooking basics""]",90,15,4,Apartment
2413100,Super apartment In the Dolomites,"San Martino di Castrozza is a lovely town, with the most beautiful mountains!",Emanuela,100%,"San Martino di Castrozza, Trentino-Alto Adige/S√ºdtirol, Italy",G80,4,1 bath,1,3,"[""Oven"", ""Coffee maker"", ""Cable TV"", ""Patio or balcony"", ""Long term stays allowed"", ""Hangers"", ""Single level home"", ""Heating"", ""Room-darkening shades"", ""Hair dryer"", ""Free washer \u2013 In unit"", ""Dining table"", ""Mini fridge"", ""Refrigerator"", ""Free parking on premises"", ""Wifi"", ""Dishes and silverware"", ""Elevator"", ""Kitchen"", ""Cooking basics"", ""Stove"", ""Freezer"", ""Clothing storage: closet"", ""Hot water"", ""TV with standard cable"", ""Extra pillows and blankets"", ""Dishwasher""]",76,7,37,Apartment
2415923,Residenza Casale 4/6 posti letto,,Ilaria E Silvia,50%,,G81,5,1 bath,2,5,"[""Washer"", ""TV"", ""Hair dryer"", ""Smoke alarm"", ""Fire extinguisher"", ""Free parking on premises"", ""Wifi"", ""Iron"", ""Dryer"", ""Essentials"", ""Kitchen"", ""Heating"", ""Elevator""]",51,7,5,Apartment
2416868,CASA ALBERTA - 2 bedrooms apartment,"The area is particularly ideal for walking, trekking and biking and the historical centre of Pieve di Ledro offers to you all the usual commodities of a town of this size. Direct from the house, you can take the lit lakeside pathway to walk around the lake, till to Molina di Ledro, passing through the small village of Mezzolago, or on the other side across the village of Pur.",Alberto,100%,"Pieve, Trentino-Alto Adige/S√ºdtirol, Italy",G82,5,1 bath,2,4,"[""Bed linens"", ""Washer"", ""TV"", ""Coffee maker"", ""Patio or balcony"", ""BBQ grill"", ""Backyard"", ""Long term stays allowed"", ""Hangers"", ""Iron"", ""Microwave"", ""Heating"", ""Dedicated workspace"", ""Hair dryer"", ""Shampoo"", ""High chair"", ""Crib"", ""Essentials"", ""Refrigerator"", ""Free parking on premises"", ""Wifi"", ""Dishes and silverware"", ""Kitchen"", ""Cooking basics"", ""Stove"", ""Fire extinguisher"", ""Host greets you"", ""Hot water"", ""Extra pillows and blankets"", ""Dishwasher""]",79,3,19,Apartment
2422754,Welcome in the earth of Dolomite,"100 mt far from the house there is the bus and skibus stop, while 300 mt far there is a multiservice shop. With a 10 minutes walk you can arrive in the characteristic centre of Fiera di Primiero, Tonadico and Transacqua, rich of history, traditions and amazing views",Elisa,100%,"Transacqua, Trentino-Alto Adige/S√ºdtirol, Italy",G83,4,1 bath,2,4,"[""Bed linens"", ""Oven"", ""Washer"", ""TV"", ""BBQ grill"", ""Backyard"", ""Hangers"", ""Iron"", ""Microwave"", ""Heating"", ""Hair dryer"", ""Crib"", ""Refrigerator"", ""Free parking on premises"", ""Wifi"", ""Dishes and silverware"", ""Kitchen"", ""Cooking basics"", ""Pack \u2019n play/Travel crib"", ""Stove"", ""Children\u2019s books and toys"", ""Cleaning before checkout"", ""Hot water"", ""Extra pillows and blankets""]",55,7,0,Apartment
2422910,CASA ELENA - Mansarda deluxe with 3 bedrooms,"Ledro Valley it's the perfect place to enjoy your holiday in Trentino. Sorrounded by beautiful mountains and nature it's a paradise for trekking and MTB. With countless  marked  itineraries it's easy find one suitable for you, both if you are an amateur or if you are an expert. You will fall in love admiring the scenery and breathtaking views.<br />And when you need to chill out nothing is better than sunbathing at the lake and swimming in the crystal waters.",Alberto,100%,"Ledro, Trentino-Alto Adige/S√ºdtirol, Italy",G84,6,1 bath,3,5,"[""Bed linens"", ""Washer"", ""Coffee maker"", ""Cable TV"", ""Patio or balcony"", ""BBQ grill"", ""Backyard"", ""Long term stays allowed"", ""Hangers"", ""Iron"", ""Microwave"", ""Heating"", ""Dedicated workspace"", ""Hair dryer"", ""Shampoo"", ""High chair"", ""Crib"", ""Essentials"", ""Refrigerator"", ""Free parking on premises"", ""Wifi"", ""Dishes and silverware"", ""Kitchen"", ""Cooking basics"", ""Stove"", ""Fire extinguisher"", ""Host greets you"", ""Hot water"", ""TV with standard cable"", ""Extra pillows and blankets"", ""Dishwasher""]",78,3,5,Apartment
2427227,Spacious apartment by the lake,,Andrea,90%,,G85,8,3 baths,3,8,"[""Bed linens"", ""Oven"", ""TV"", ""Coffee maker"", ""Patio or balcony"", ""Backyard"", ""Long term stays allowed"", ""Microwave"", ""Heating"", ""Dedicated workspace"", ""Hair dryer"", ""Lake access"", ""High chair"", ""Crib"", ""Essentials"", ""Refrigerator"", ""Free parking on premises"", ""Wifi"", ""Dishes and silverware"", ""Kitchen"", ""Free street parking"", ""Stove"", ""Host greets you"", ""Hot water"", ""Dishwasher""]",79,3,33,Apartment
2428969,Casa St√®,,Luisa,100%,,G86,4,1 bath,1,4,"[""Bed linens"", ""Washer"", ""TV"", ""Coffee maker"", ""Patio or balcony"", ""Backyard"", ""Long term stays allowed"", ""Hangers"", ""Single level home"", ""Iron"", ""Microwave"", ""Heating"", ""Hair dryer"", ""Essentials"", ""Refrigerator"", ""Free parking on premises"", ""Wifi"", ""Dishes and silverware"", ""Kitchen"", ""Cooking basics"", ""Free street parking"", ""Stove"", ""First aid kit"", ""Host greets you"", ""Hot water"", ""Private entrance""]",55,7,12,Apartment
2431711,Cosy apartment with terrace,"The apartment is located in the quiet village of St. Antonio di Mavignola, 5 minutes from Madonna di Campiglio and Pinzolo.",Giorgia,N/A,"Sant'Antonio di Mavignola, Trentino-Alto Adige, Italy",G87,5,1 bath,2,4,"[""Bed linens"", ""Washer"", ""TV"", ""Hair dryer"", ""Patio or balcony"", ""Free parking on premises"", ""Long term stays allowed"", ""Dishes and silverware"", ""Hot water"", ""Essentials"", ""Kitchen"", ""Heating"", ""Elevator""]",86,2,24,Apartment
2434951,Appartamento alle Terme,"Si pu√≤ accedere direttamente al parco termale senza attraversare la strada.Raggiungibili in meno di un'ora sono localit√† turistiche (email hidden)llo mondiale come Madonna di Campiglio e Riva del Garda, mentre in inverno, a soli 13 Km, si pu√≤ sciare sulle piste di Bolbeno, adatte in particolare ai bambini, (email hidden) su quelle di Andalo.Per chi ama la bicicletta o la mountain bike sono presenti in zona piste ciclabili e percorsi in montagna che permettono di godere da vicino delle meraviglie del nostro territorio, in particolare le Dolomiti di Brenta, oggi Patrimonio UNESCO.",Alessandra E Michela,100%,"Ponte Arche, Trentino-Alto Adige/S√ºdtirol, Italy",G88,4,1 bath,1,4,"[""Oven"", ""Washer"", ""TV"", ""Patio or balcony"", ""Backyard"", ""Long term stays allowed"", ""Hangers"", ""Single level home"", ""Iron"", ""Microwave"", ""Heating"", ""Dedicated workspace"", ""Hair dryer"", ""Shampoo"", ""Luggage dropoff allowed"", ""High chair"", ""Essentials"", ""Refrigerator"", ""Free parking on premises"", ""Wifi"", ""Dishes and silverware"", ""Building staff"", ""Elevator"", ""Kitchen"", ""Cooking basics"", ""Pack \u2019n play/Travel crib"", ""Stove"", ""Children\u2019s books and toys"", ""Fire extinguisher"", ""Hot water""]",54,1,63,Apartment
2445167,Cosy apartment with a stunning view,"The house is a two minutes walk away from Casa di Salute Raphael, the biggest and most qualified centre of natural medicine in Italy.",Stefano,100%,"Roncegno, Trentino-Alto Adige/S√ºdtirol, Italy",G89,4,1 bath,2,3,"[""Refrigerator"", ""Stove"", ""Washer"", ""Oven"", ""Luggage dropoff allowed"", ""Long term stays allowed"", ""Wifi"", ""Dishes and silverware"", ""Bathtub"", ""Essentials"", ""Kitchen"", ""Heating"", ""Cooking basics""]",56,6,5,Apartment
2448852,Elegante appartamento in montagna,"Da Comano paese la vista √® da mozzafiato, immerso nel verde e nella tranquillit√†.<br />Punto di partenza per arrivare alla cima del Monte Casale. dove potrete ammirare un panorama che spazia su tutta la Comano Valle Salus, la Valle dei Laghi e il Lago di Garda.",Ornella,92%,"Comano Terme, Trentino-Alto Adige/S√ºdtirol, Italy",G90,6,1 bath,2,6,"[""Washer"", ""TV"", ""Free parking on premises"", ""Long term stays allowed"", ""Wifi"", ""Kitchen"", ""Heating""]",55,3,17,Apartment
2465157,Madonna di Campiglio - Campo Carlo Magno,"The neighborhood is residential and very exclusive. <br />The apartment is inside the condo named Condominio Cottage, the highest residential building in Campo Carlo Magno. <br /><br />Access to the building is via a private road.",Martina,N/A,"Madonna di Campiglio, Trentino, Italy",G91,14,2 baths,4,11,"[""Refrigerator"", ""Washer"", ""Coffee maker"", ""Cable TV"", ""Kitchen"", ""Ski-in/Ski-out"", ""Free parking on premises"", ""Long term stays allowed"", ""Dishes and silverware"", ""Free street parking"", ""Hot water"", ""Microwave"", ""TV with standard cable"", ""Heating"", ""Elevator"", ""Air conditioning""]",225,4,15,Apartment
2475095,CASA GUETTI Terme di Comano,,Andrea,N/A,,G92,6,1 bath,2,5,"[""Oven"", ""TV"", ""Patio or balcony"", ""Backyard"", ""Long term stays allowed"", ""Hangers"", ""Single level home"", ""Iron"", ""Bidet"", ""Heating"", ""Hot water kettle"", ""Hair dryer"", ""Luggage dropoff allowed"", ""Mosquito net"", ""Free washer \u2013 In unit"", ""Safe"", ""Free parking on premises \u2013 2 spaces"", ""Cleaning products"", ""High chair"", ""Drying rack for clothing"", ""Crib"", ""Dining table"", ""Refrigerator"", ""Wine glasses"", ""Dishwasher"", ""Dishes and silverware"", ""Baking sheet"", ""Kitchen"", ""Cooking basics"", ""Dedicated workspace: table"", ""Stove"", ""Clothing storage: closet and walk-in closet"", ""Freezer"", ""Smoke alarm"", ""Ethernet connection"", ""Carbon monoxide alarm"", ""Fire extinguisher"", ""Outdoor dining area"", ""Host greets you"", ""Hot water"", ""Private entrance"", ""Extra pillows and blankets"", ""Wifi \u2013 20 Mbps""]",75,7,20,Apartment
2478117,Apartment in Madonna di Campiglio,,Francesco,100%,,G93,3,1 bath,2,3,"[""Bed linens"", ""Oven"", ""Washer"", ""TV"", ""Coffee maker"", ""Patio or balcony"", ""Backyard"", ""Long term stays allowed"", ""Bathtub"", ""Heating"", ""Dedicated workspace"", ""Room-darkening shades"", ""Shampoo"", ""Essentials"", ""Refrigerator"", ""Free parking on premises"", ""Dishes and silverware"", ""Elevator"", ""Kitchen"", ""Cooking basics"", ""Free street parking"", ""Stove"", ""Children\u2019s books and toys"", ""Ski-in/Ski-out"", ""Host greets you"", ""Hot water"", ""Dryer"", ""Extra pillows and blankets""]",87,2,20,Apartment
2487685,27 Casa Vacanze in Val di Gresta Italy,"Il paese di Ronzo-Chienis √® un calssico paese di motagna rurale, tranquillo che offre i servizi essenziali come farmacia, supermercato, panificio, risotranti, bar e pizzeria. La zona offre incantevoli passeggiate con vista del Lago di Garda e rifugi da raggiungre con piacevoli camminate.",Mirko,100%,"Ronzo-chienis, Trentino-Alto Adige/S√ºdtirol, Italy",G94,4,1 bath,1,1,"[""Washer"", ""TV"", ""Coffee maker"", ""Long term stays allowed"", ""Hangers"", ""Iron"", ""Heating"", ""Dedicated workspace"", ""Gym"", ""Hair dryer"", ""Shampoo"", ""Lake access"", ""Luggage dropoff allowed"", ""High chair"", ""Crib"", ""Essentials"", ""Free parking on premises"", ""Wifi"", ""Kitchen"", ""Cooking basics"", ""Children\u2019s books and toys"", ""Host greets you"", ""Hot water"", ""Private entrance""]",75,2,45,Apartment
2541767,Romantica mansarda comoda al centro,"Castello di Fiemme √® dotato di tutti i servizi come panetteria, supermercato, edicola, bar e ristoranti tipici, negozi sportivi.",Simona,100%,"Castello di Fiemme, Trentino-Alto Adige/S√ºdtirol, Italy",G95,5,1 bath,2,5,"[""Washer"", ""Patio or balcony"", ""Laundromat nearby"", ""Hangers"", ""Indoor fireplace"", ""Iron"", ""Microwave"", ""Heating"", ""Dedicated workspace"", ""Room-darkening shades"", ""Hair dryer"", ""Shampoo"", ""Refrigerator"", ""42\"" HDTV"", ""Wifi"", ""Dishes and silverware"", ""Building staff"", ""Kitchen"", ""Cooking basics"", ""Free street parking"", ""Stove"", ""First aid kit"", ""Hot water""]",95,2,52,Apartment
2579727,C√®sa Sot Bosch - Mansarda,,Cesa Sot Bosch,N/A,,G96,8,2 baths,3,8,"[""Free parking on premises"", ""Washer"", ""TV"", ""Heating""]",240,7,1,Apartment
2582877,Val di Fassa Trentino,,Margherita,N/A,,G97,4,2 baths,3,6,"[""Bed linens"", ""Oven"", ""Washer"", ""TV"", ""Coffee maker"", ""Long term stays allowed"", ""Hangers"", ""Iron"", ""Heating"", ""Hair dryer"", ""Essentials"", ""Refrigerator"", ""Free parking on premises"", ""Wifi"", ""Dishes and silverware"", ""Baking sheet"", ""Elevator"", ""Kitchen"", ""Cooking basics"", ""Stove"", ""Hot water"", ""Extra pillows and blankets"", ""Dishwasher""]",100,30,1,Apartment
2613779,Claudiohaus in Casapergher a Folgaria - Trentino,,Ivan,20%,,G98,4,1 bath,2,3,"[""Oven"", ""Washer"", ""Coffee maker"", ""Patio or balcony"", ""Backyard"", ""Long term stays allowed"", ""Iron"", ""Microwave"", ""Heating"", ""Hair dryer"", ""High chair"", ""Crib"", ""Refrigerator"", ""Free parking on premises"", ""Wifi"", ""Dishes and silverware"", ""Free street parking"", ""Cooking basics"", ""Carbon monoxide alarm"", ""Hot water"", ""Dishwasher""]",108,2,3,Apartment
2621845,Maso dei Fiori vista panoramica,Piccolissima localit√† della Borgata di Mal√® in posizione <br />costiera proprio sopra il paese,Michele,100%,"Mal√©, Trentino-Alto Adige/S√ºdtirol, Italy",G99,5,1 bath,1,2,"[""Bed linens"", ""Oven"", ""Washer"", ""TV"", ""Coffee maker"", ""Long term stays allowed"", ""Hangers"", ""Indoor fireplace"", ""Iron"", ""Microwave"", ""Heating"", ""Babysitter recommendations"", ""Hair dryer"", ""Luggage dropoff allowed"", ""Private patio or balcony"", ""Baby bath"", ""High chair"", ""Private garden or backyard"", ""Essentials"", ""Refrigerator"", ""Free parking on premises"", ""Wifi"", ""Dishes and silverware"", ""Kitchen"", ""Cooking basics"", ""Stove"", ""Outdoor dining area"", ""Ski-in/Ski-out"", ""Outdoor furniture"", ""Hot water"", ""Private entrance"", ""Extra pillows and blankets"", ""Dishwasher""]",63,3,5,Apartment
