id	name	description	neighbourhood	room_type	bedrooms	beds	price	Location_ID	type
249351	B&B Casa dei Ricci in the Dolomites	Cozy nest in a typical alpin style, in the beautiful Dolomites of  north west Trentino. Home made breakfast, a Bio house where to relax and enjoy the moutains ... Casa dei Ricci is the ideal starting point for the Nature!<br /><br /><b>The space</b><br />New B&B situated in Trentino - Val di Sole (fraction Magras, in the municipality of Mal√®), 25 km from Madonna di Campiglio - Dolomites, from Folgarida 13, 9 from Marilleva, 6 from Daolasa Commezzadura, 2 from the Valley of Rabbi - Stelvio National Park, 25 from Castel Thun, 60 from Trento, 70 and 75 from Merano to Bolzano, 80 km from Lake Garda. The proximity to the ski slopes, bike path to the Valley of the Sun, the Stelvio National Park make the area of ‚Äã‚Äãwide interest to all those who love skiing and off the track, mountain biking, rock climbing and hiking for all levels of Walkers. In the town, among other infrastructure, to remember the swimming pool with spa and ice skating rink. Each room is equipped with the following services:	Male', Trentino-Alto Adige, Italy	Private room	3	8	72	BB1	BB
414591	B&B Il Sorriso dei Nonni-Val Rabbi	<b>The space</b><br />The B&B Il Sorriso dei Nonni is located in Val di Rabbi, a small alpine valley, side of the Val di Sole. Our B & B - recently renewed - is composed of several rooms all with their own bathrooms, a kitchen at disposal for the guests, a breakfast room and a sauna for moments dedicated to relax and well-being. Il Sorriso dei Nonni is surrounded by green meadows and offers their guests a garden equipped with sun beds and everything you need to organize delicious barbecues. <br />Due to its location Il Sorriso dei Nonni is ideal base for hiking and walking in the Stelvio National Park, for a bike ride or a rafting trip, a spa vacation. <br />Easily accessible from the main road in the winter, just a few minutes from the main town of the Valley (San Bernardo) and the village of Mal√©, the main center of the Val di Sole <br />Far about ten kilometers away from the main lifts (Madonna di Campiglio, Folgarida - Marilleva).		Private room	1	2	70	BB2	BB
1440752	B & B AI CASAI	IL B&B ai Casai , √® piccolo e molto curato ed amato, la splendida vista sul lago e il grande giardino lo rendono unico tanto da essere stato  ,nel giugno 2013, set della fiction per RAI UNO " una villa per due" che sar√† in onda nell'autunno 2013. Vi aspettiamo!<br /><br /><b>The space</b><br />il nostro B&B ha solamente due camere , una delle quali doppia uso quadrupla,ogni stanza ha entrata indipendente, bagno privato, asciugacapelli, radio/CD, wifi, angolo tisane, frigo (su richiesta).<br /><br /><b>Guest access</b><br />i nostri ospiti hanno accesso al grande giardino sul quale si affacciano le camere con una magnifica vista lago, nella stagione calda il secondo giardino ospita una piscina fuoriterra 8 x 4, per visitare i dintorni sono a disposizione delle biciclette e mappe del territorio, mentre per chi ama portare la propria bicicletta a disposizione gratuitamente un garage.	Mezzolago, Trentino-Alto Adige/S√ºdtirol, Italy	Private room	1	2	76	BB3	BB
1440859	B&B Arco Garda Rooms	Double room, private bathroom with shower, fully independent overlooking the garden. The villa is contemporary with beautiful views of the valley. We supply the food for your breaktast and you will prepare it by yourself.<br /><br /><b>The space</b><br />The room is nice and new ! The house is set among the olive trees in a quiet area with a  beautiful view of the valley.<br /><br /><b>Guest access</b><br />Entrance to the room completely independent. <br />Secure storage for  your bike or surf. <br />Check-in is  after 15:30.<br /><br /><b>Other things to note</b><br />The food for your breakfast will be provided for the first  3 days. You will find the food in your room and you will have to prepare the breakfast yourself, there will be no service from us for your breakfast.	Arco, Trentino, Italy	Private room	1	1	80	BB4	BB
1689369	B&B GARARCO  room	Modernly furnished with double beds, bedding and bath, sink, refrigerator,  free wi-fi, kettle with tea or coffee, a shared bathroom with one other room( daily cleaning of bathroom)<br />Breakfast is not includid and should be consumed in the beautiful square under house cafe / pastry shop .<br />Type: 2 beds. + extra bed 1<br /><br /><b>The space</b><br />DOUBLE ROOMS modernly furnished with double beds, bed linen and bath, sink and mirror in the room, minibar, TV hairdryer, free wii-fi, heating, kettle with tea or coffee  complementary -<br />Bathroom shared with another single room (with twice daily cleaning).Type: 2 bed. extra bed (max 3 pax) -POSSIBILY 2 ROOM DESEIM TYPE<br /><br /><b>Guest access</b><br />The B&B is located in a historical palace in the center of Arco, overlooking the central square. It's consists of two apartments are located where our rooms and studios with equipped kitchens.There is also the possibility of renting the whole apartment, and is ideal for both cou		Private room	1	2	59	BB5	BB
1854763	Una casa di sogno nelle Dolomiti	<b>The space</b><br />Splendida finestra sulle Dolomiti, il Castelir vuole proporsi come un albergo differente BIO, con sole 7 bellissime suite, immerso nel verde di un grande giardino nel cuore della Val di Fiemme. Il benessere per l‚Äôospite √® totale: dal dormire bene nelle casette ecologiche, alla colazione genuina preparata con dolci, marmellate e yogurt fatti in casa, formaggi e salumi della valle, fino al dolce far niente nel centro wellness dotato di sauna e bagno turco, uno spumeggiante idromassaggio e la splendida piscina all‚Äôaperto riscaldata anche d'inverno. Per i pi√π sportivi anche un bel campo da tennis in terra rossa e l'utilizzo gratuito delle mountain bikes o racchette da neve.  <br />Su richiesta √® possibile affittare tutta la casa.		Private room	1	1	170	BB6	BB
1921298	Homeholiday in Trentino	It offers a warm and friendly welcome for a pleasant, relaxing and enteraining stay and it is ideal for both those looking for a sports and relaxing holiday, for well - being and peacefulness inside nature!<br />For those who loves sports, there are many	Brez, Trentino-Alto Adige/S√ºdtirol, Italy	Private room	1	6	110	BB7	BB
2017726	Una casa nel verde delle Dolomiti	<b>The space</b><br />Splendida finestra sulle Dolomiti, il Castelir vuole proporsi come un albergo differente BIO, con sole 7 bellissime suite, immerso nel verde di un grande giardino nel cuore della Val di Fiemme. Il benessere per l‚Äôospite √® totale: dal dormire bene nelle casette ecologiche, alla colazione genuina preparata con dolci, marmellate e yogurt fatti in casa, formaggi e salumi della valle, fino al dolce far niente nel centro wellness dotato di sauna e bagno turco, uno spumeggiante idromassaggio e la splendida piscina all‚Äôaperto riscaldata anche d'inverno. Per i pi√π sportivi anche un bel campo da tennis in terra rossa e l'utilizzo gratuito delle mountain bikes o racchette da neve. <br />Su richiesta √® possibile affittare tutta la casa.		Private room	1	2	170	BB8	BB
2081704	Appartamento B&B	L'appartamento situato nel centro storico del paese, presenta 2 camere da letto con 2 posti letto per camera, un bagno riservato esclusivamente agli ospiti. Soggiorno grande e cucina il cui uso non √® consentito agli ospiti. Si trova al secondo piano con ascensore.  Il parcheggio dista 200 metri.<br />a 5 minuti a piedi dal lago.<br />Nel prezzo √® inclusa la prima colazione ( italian breakfast)<br />Possibilit√† di parcheggiare le biciclette nel cortile interno.<br /><br /><b>The space</b><br />L'appartamento situato nel centro storico del paese,  presenta 2 camere da letto con 2 posti letto per camera. due bagni. Soggiorno grande e cucina.<br />Si trova al secondo piano con ascensore. <br />Il parcheggio dista 200 metri.<br />a 5 minuti a piedi dal lago.<br /><br /><b>Guest access</b><br />Gli ospiti potranno utilizzare la camera (o le camere) da loro prenotato. Il soggiorno dell'appartamento e la cucina sono ad uso esclusivo della padrona di casa.		Private room	1	4	74	BB9	BB
2236311	Vacanze brevi in Agriturismo con prima colazione	We offer you an overnight stay with breakfast in our beautiful farmhouse. The bedrooms (each with its private bathroom) are very spacious and bright.<br /><br />Our farmhouse is very spacious and welcoming. It offers rooms completely furnished in wood. Outside, a large garden welcomes you to spend your days in total relaxation. To visit the many attractions that await you, we offer you the Trentino guest card.<br /><br /><b>The space</b><br />At breakfast, you can taste exquisite and genuine products made by ourselves or local. We are in Valle di Non: Trentino, surrounded by the wonderful Brenta Dolomites and Maddalene. See you there!<br /><br /><b>Guest access</b><br />internet, reading / tv room, breakfast room<br />no animals<br /><br /><b>License number</b><br />2084		Private room	1	2	75	BB10	BB
2773830	Double/3  room at B&BdalNonno	La stanza si trova nel Bed&Breakfast "dal nonno". composto da 4 camere, una con bagno privato e 3 condividono il bagno.<br />Ampia terrazza per le colazioni con vista sul giardino/orto del "nonno".<br />Questa stanza condivide il bagno con un altra stanza.<br /><br />This is a big double room with shared bathroom, the bathroom is shared between a single room and another double room.<br />You can enjoy the breakfast in our beautiful sunny balcony with garden and mountains view.<br /><br /><b>The space</b><br />La camera ha il bagno esterno, condiviso con un altra camera.<br /><br />This room have a big shared bathroom between another double and a single room.<br />This room is big so there is the possibility to add an extra bed with an addictional cost!<br /><br /><b>Guest access</b><br />Free WiFi<br />Giardino<br />Giochi per bambini<br />Terrazza<br /><br /><b>Other things to note</b><br />BICICLETTE/MOTO<br />E' disponibile una zona per il posteggio delle biciclette.<br />PARCHEGGIO	Riva del Garda, Trentino-Alto Adige/S√ºdtirol, Italy	Private room	1	3	78	BB11	BB
2890713	Doppia vacanze in val di fiemme trentino	Posizione strategica al centro di una meravigliosa valle, disponibilit√† e accoglienza ci accompagnano per offrirvi una rilassante vacanza in ogni stagione. Confortevoli stanze, spa, bike, escursioni, sport e divertimento per ogni et√† ed esigenza.<br />La colazione verr√† conteggiata, se desiderate farla, al momento del check out.<br /><br /><b>The space</b><br />Le nostre stanze sono calde accoglienti dotate di tv, balcone, phon. La casa offre un giardino, parcheggio privato, terrazza, bar e possibilit√† di usufruire di ristorante. Ideale per famiglie, gruppi di amici o per un semplice week and romantico<br /><br /><b>Guest access</b><br />Gli ospiti potranno usufruire di una rilassante spa, delle city-mountain bike dotate anche di seggiolino per i bimbi, del bar, del soleggiato giardino, della terrazza.<br /><br /><b>Other things to note</b><br />Ideale per abili sciatori o per principianti delle varie discipline sci nordico, alpino snoow-bord, per chi ama ciaspolare o semplicemente cam	Ziano di Fiemme, Trentino-Alto Adige, Italy	Private room	1		56	BB12	BB
2909773	Bed and Breakfast   C√† mea Dina  Lago di Ledro	Atmosfera rilassata, tranquillit√†, ospitalit√† a dimensione familiare √® quello che offre <br />Affittacamere B&B "C√† mea Dina" situato nel centro storico di Bezzecca poco distante dal Lago di Ledro uno fra i pi√π belli e puliti del Trentino<br />7 camere <br />Non abbiamo appartamenti<br /><br /><b>The space</b><br />Nella Ristrutturazione  del nostro B&B abbiamo cercato di conservare  la struttura  nei particolari delle case  vecchie di un tempo..  in tutto il B&B  ci sono  le lampadine a risparmio energetico...composter nel Giardino e appositi contenitori per la raccolta differenziata caldaia a biomassa.Nelle nostre 7 camere ci sono delle locandine dove consigliamo ai nostri Ospiti di contribuire a salvaguardare l'ambiente,limitando i consumi di acqua ed energia..le nostre docce sono dotate di economizzatori idrici.Le camere hanno  nomi di attrezzi di un tempo  .  I nostri Ospiti possono fare colazione in Giardino e a richiesta servizio di  colazione in camera.Da poco abbiamo aperto un	Bezzecca, Trentino-Alto Adige, Italy	Private room	7	12	95	BB13	BB
3062569	Double room with shared bathroom at B&B dal Nonno	<b>Other things to note</b><br />Tax: 0,70 ‚Ç¨ per night per person to pay at the arrival time.		Private room	1	1	72	BB14	BB
3365713	B & B Passaggi - Camera Lavanda	La camera Lavanda √® un nido in mansarda con una finestra che guarda sul cielo. E' composta da una piccola entrata privata dalla quale si accede alla camera e al bagno. Quest'ultimo √® particolarmente spazioso; oltre alla doccia troverete anche una confortevole vasca. Nella camera, oltre al letto a due piazze √® possibile aggiungere comodamente un ulteriore letto per una terza persona.<br /><br /><b>The space</b><br />La camera doppia Lavanda col suo bagno privato e lo spazio Rosmenta - formato da 2 camere doppie e un bagno - costituiscono il BB Passaggi, che occupa la mansarda di una spaziosa casa rurale di famiglia. <br />Ci√≤ che rende unico questo alloggio sono il grande spazio verde attorno alla casa, la colazione gestita in autonomia, la cucina a disposizione degli ospiti e l‚Äôaccoglienza personale.<br />In questa zona del Trentino ci sono vari laghi - oltre in Lago di Garda - possibilit√† di escursioni a piedi e in bicicletta.<br /><br /><b>Guest access</b><br />Gli ospiti potranno di		Private room	1	2	55	BB15	BB
3464772	MinaVill la casa sulle Dolomiti	Ospitare mettere a disposizione la nostra piccola casa di montagna e organizzare qualsiasi intrattenimento che allieti i nostri ospiti.<br /><br /><b>The space</b><br />Il B&B √® al piano terra di una casa di tre piani abitata dai propietari .<br />Il parcheggio √® privato .<br />A due minuti dal centro ma nella totale quiete con vista dal giardino sulle magnifiche Dolomiti e sui paesi che caratterizzano il Primiero.<br /><br /><b>Guest access</b><br />Accogliente e piccolo con solo 1 camera matrimoniale, soggiorno ,  bagno e giardino  a unica e completa disposizione degli ospiti .<br />Nella zona soggiorno √® presente un bollitore ,un forno a microonde , una macchina del caff√® /bevande  un  ampia gamma di servizi un divano letto ad una piazza e mezza,TV, lettore dvd ,rete wifi e posto macchina.La prima colazione viene servita nel soggiorno al piano superiore o se preferite nel soggiorno del b&B  e soluzioni personalizzate per eventuali esigenze particolari.<br />Sono disponibile due bici	Fiera di Primiero, Trentino-Alto Adige/S√ºdtirol, Italy	Private room	2	2	70	BB16	BB
3469536	Holidays Vacanze tra le Dolomiti in B&B Belsogno	We have 2 communicating rooms with bathroom for 4/5 people, and 4 single / double rooms with private bathroom equipped with TV, internet, also suitable for disabled people, breakfast included, private garden of 1000 square meters, parking also inside on request<br /><br /><b>The space</b><br />We offer you overnight stay with breakfast in our beautiful farmhouse. The bedrooms (each with its private bathroom) are very spacious and bright.<br /><br /><b>Guest access</b><br />internet, reading / tv room, breakfast room, barbecue, gazebo, ...<br /><br /><b>Other things to note</b><br />we offer brochures and thematic maps relating to the initiatives proposed by the accommodation company and the proloco		Private room	2	4	110	BB17	BB
3484693	B&B Enrosadira	Our B&B Enrosadira is in the ski resort of Vigo di Fassa. All rooms feature a balcony overlooking Val Di Fassa valley.  Our property is 200 metres from the Catinaccio ski slopes. The bus stop located 50 metres away links with Bolzano‚Äôs center.<br /><br />We do not rent the entire house,<br />we rent rooms and we do the breakfast service.<br /><br />No common kitchen.<br /><br /><b>The space</b><br />Decorated with either carpeted or wooden floors, all rooms come with a satellite TV and a fridge. The private bathroom is complete with a hairdryer and toiletries. We offer free Wifi, a private parking and a garage.<br /><br />In the summer you can enjoy our garden just to relax and chill out.<br /><br /><b>Guest access</b><br />We have a little wellness center, with a spa, steaming bath, jacuzzi and chromotherapy showers.<br />Due to Covid 19 restrictions, its not open at the moment ( summer 21)<br /><br /><b>Other things to note</b><br />We have 4 rooms with a little kitchen area, <br />w	Vigo di Fassa, Trentino-Alto Adige, Italy	Private room	19	30	50	BB18	BB
3591347	B&B Il Sorriso dei Nonni | 4 pax	Stanza quadrupla (un letto matrimoniale e un letto a castello) con bagno in camera, wi fi connection, servizio prima colazione, riassetto della stanza. La biancheria da letto e da bagno √® inclusa.<br /><br /><b>The space</b><br />Il Sorriso dei Nonni vi offre stanze moderne e funzionali ciascuna con il proprio bagno, una sala colazioni ambientata in una stube trentina riscaldata dal tepore della stufa ad ole, una cucina attrezzata dove potersi preparare un boccone, una sauna finlandese, un giardino con sdraio e lettini.<br /><br /><b>Other things to note</b><br />Suggeriamo di essere muniti di autovettura.<br /><br />Gli amici a 4 zampe sono i benvenuti, Vi ricordiamo per√≤ che - nel rispetto degli altri ospiti e per ragioni igieniche -  non sono ammessi nella sala colazioni ed in cucina		Private room	1	4	115	BB19	BB
3676799	BED & BREAKFAST LA MASERA DI ISABELLA	Alloggio confortevole nella formula "ospitalit√† in famiglia", a Mezzocorona, in Piana Rotaliana, al centro del Trentino tra vigneti e tradizioni sull'antica Via Claudia Augusta. E per gustare al meglio il Vostro soggiorno riceverete la Guest Card Trentino.<br /><br /><b>The space</b><br />Il B&B LA MASERA si trova al secondo piano in una antica casa rurale. Sono a disposizione una camera con un letto matrimoniale ed un letto singolo, bagno privato con vasca da bagno e doccia. Una camera con letto matrimoniale con bagno privato con doccia. Gli ambienti sono ampi ed accoglienti per farvi sentire a vostro agio e offrirvi un soggiorno confortevole. Internet Wi-Fi gratuito. Parcheggio privato. Al mattino offriamo una ricca colazione e su richiesta serviamo cibi appositamente pensati per eventuali intolleranze alimentari.<br /><br />Il B&B LA MASERA si trova a Mezzocorona, nel cuore del Trentino dove si fonde l'amore per la natura, il territorio e le tradizioni. Qui √® possibile trovare nuove		Private room	2	3	75	BB20	BB
3780134	B&B Alle Vigne - Flower Room	The quiet of the countryside, the farm spaces, the warm welcome of Fernanda and its unforgettable breakfasts, cooked with genuine and natural ingredients. The B&B alle Vigne offers welcoming spaces, with attention to details, an independent entrance and a spacious parking space. The center of Rovereto is just a 5 minute drive away. <br />Room with shared bathroom.<br /><br /><b>The space</b><br />The position of the B&B guarantees quietness and relaxation. The accommodation is surrounded by vineyards, orchards, a garden and a vegetable garden. Fernanda cultivates the vegetable garden, while Ruggero works the vineyards, all organic.<br /><br /><b>Guest access</b><br />Access to your room is independent. From the parking space you enter the passage stairs and the breakfast room, then your room. A gate guarantees security, therefore a remote control is given to enter and exit independently.<br /><br /><b>Other things to note</b><br />SHARED BATHROOM<br />The tourist tax is 1,20 ‚Ç¨ per nigh	Rovereto, Trentino-Alto Adige, Italy	Private room	1	4	50	BB21	BB
4073751	Cozy double room with B&B treatment	Our B&B Enrosadira is in the ski resort of Vigo di Fassa. All rooms feature a balcony overlooking Val Di Fassa valley.  Our property is 200 metres from the Catinaccio ski slopes. The bus stop located 50 metres away links with Bolzano‚Äôs center.<br /><br /><b>The space</b><br />Decorated with either carpeted or wooden floors, all rooms come with a satellite TV and a fridge. The private bathroom is complete with a hairdryer and toiletries. We offer free Wifi, a private parking and a garage.<br /><br />In the summer you can enjoy our garden just to relax and chill out.<br /><br /><b>Guest access</b><br />We have a little wellness center, with a spa, steaming bath, jacuzzi and chromotherapy showers.<br />Due to Covid restriction the Spa is closed during summer 2021	Vigo di Fassa, Trentino-Alto Adige, Italy	Private room	1	2	84	BB22	BB
4210132	B&B Taramelli stanza quadrupla con bagno privato	Bed and breakfast con 1 stanza quadrupla indipendente e 1 bagno esterno privato.  E' situato al quarto ed ultimo piano con ascensore in un contesto tranquillo, di fronte al nuovo polo museale "MUSE" e a 5 minuti dal centro storico.<br /><br /><b>Other things to note</b><br />Il Bed and breakfast √® indipendente, ma collegato direttamente con l'appartamento dei proprietari attraverso una porta comunicante.<br /><br /><b>License number</b><br />0218749	Trento, Trentino-Alto Adige, Italy	Private room	1	4	55	BB23	BB
4425260	Camera Romanica nel nostro Relais	Una romantica stanza con legno massello dipinto a mano , bagno privato , bel balcone con vista sulle montagne . E'  inclusa la I¬∞ colazione nella nostra magnifica stude tirolese , l'utilizzo del nostro giardino e la possibilit√† ( a pagamento ) di utilizzare il nostro centro wellness con sauna , bagno turco , vasca idromassaggio a sfioro , docce kneipp e zona relax<br /><br /><b>The space</b><br />Il Relais Fior di Bosco si trova a pochi passi dalla piazza della chiesa di Folgaria , troverete un parcheggio sia coperto che non , un bel giardino , una calda stube ed una splendida zona wellness		Private room	1	1	49	BB24	BB
4466786	Pedelmont	E' situato ai piedi del monte di Mezzocorona,   in una posizione tranquilla nel cuore del centro storico, a 100 m dalla piazza principale e dalla funivia. Per chi viene in bicicletta ci troviamo a circa 2 Km dalla ciclabile fra Trento e Bolzano,nodo importane per il collegamento con la Valle di Non e l'Altipiano della Paganella. Siamo a 2 Km dalla Fondazione Mach.La recente ristrutturazione del B&B ha mantenuto caratteristiche rurali con moderni comfort.<br /><br /><b>The space</b><br />La struttura offre una zona giorno con cucina<br />sala colazioni e accesso al giardino. <br />Le camere sono con balcone e bagno privato, una vista monte.<br /><br /><b>Guest access</b><br />La zona giorno √® al piano  terra adiacente al giardino mentre le camere sono al primo piano.<br /><br /><b>Other things to note</b><br />Situata nella parte pi√π tranquilla del paese vicinissima al centro storico	Mezzocorona, Trentino-Alto Adige/South Tyrol, Italy	Private room	1		48	BB25	BB
4734463	B&B Larix  un caldo nido di legno	accoglienti camere completamente in legno emanano calore e benessere in perfetta sintonia con il suggestivo paesaggio montano, fatto di  praterie, boschi di larici e di abeti e pi√π in alto ancora, pascoli verdeggianti, ed in inverno  nevi immacolate!<br /><br /><b>The space</b><br />le camere sono completamente in legno ed arredate con gusto tipico alpino fin nei minimi particolari<br /><br /><b>Guest access</b><br />giardino<br />biciclette<br />ciaspole		Private room	8	15	79	BB26	BB
4984036	Camera matrimoniale Superior con personal Spa	Con sauna privata a infrarossi, vasca da bagno, doccia effetto pioggia con cromoterapia, zona relax,  WiFi, caminetto, colazione √† la carte.<br /><br /><b>The space</b><br />Con sauna privata a infrarossi, doccia effetto pioggia con cromoterapia, vasca, zona relax, WiFi, caminetto, colazione √† la carte.<br /><br /><b>Guest access</b><br />A disposizione degli ospiti: piccola biblioteca nella hall, giardino con sedie a sdraio, palestra attrezzata, deposito sci e armadietti personali riscaldati per gli scarponi, deposito biciclette, parcheggio privato esterno<br /><br /><b>Other things to note</b><br />La nostra √® una piccola casa di Charme con sole 10 stanze tutte matrimoniali, per questo motivo l'atmosfera √® accogliente e familiare. E' principalmente adatta ad ospitare la coppia.	Campitello di Fassa, Trentino-Alto Adige, Italy	Private room	1	1	198	BB27	BB
5176727	Alpine Touring Hotel sulle Dolomiti	L'Alpine Touring Hotel si trova a Pozza di Fassa nel cuore delle Dolomiti del Trentino. Dalle camere puoi godere di una vista panoramica sulla Val di Fassa e sulle cime dolomitiche. Da noi troverete: atmosfera, gourmet, relax, ospitalit√† e ...<br /><br /><b>The space</b><br />Il prezzo comprende servizio di bed & breakfast in camera matrimoniale e colazione a buffet; garage e centro relax con sauna, biosauna, kneipp, bagno turco, zona relax e palestra sono compresi nel prezzo. <br /><br />L'AlpineTouring Hotel Val di Fassa si trova a Pozza di Fassa in posizione panoramica, soleggiata e tranquilla, a breve distanza dal centro e accerchiato dalle splendide Dolomiti Patrimonio dell'Unesco. <br /><br />Pozza di Fassa √® un dei paesi che compongono la Val di Fassa e si trova a met√† strada tra Moena e Canazei. <br /><br />La posizione di Pozza di Fassa e dell'Alpine Touring Hotel √® perfetta per gli amanti della montagna, in inverno potrete passare delle stupende settimane bianche in Val di Fa	Pozza di Fassa, Trentino-Alto Adige, Italy	Private room	1	2	120	BB28	BB
5198395	Al Cavour 34 - City center room only	Al Cavour 34 welcomes you in one of the most beautiful squares of Italy, Piazza Duomo in Trento. Ideally located in Palazzo Gallo, an ancient palace dated 16th century, the apartment, newly rennovated, is the result of the fusion of history and desig<br /><br /><b>The space</b><br />Ideally located in Palazzo Gallo, an ancient palace dated 16th century, the apartment, newly rennovated, is the result of the fusion of history and design.<br /><br /><b>Other things to note</b><br />We offer a covered parking for bicycles.<br />We welcome small size pets with a supplement of ‚Ç¨ 10.		Private room	1	1	61	BB29	BB
5821479	Private room with bathroom at B&B dal Nonno	La stanza si trova nel Bed&Breakfast "dal nonno". composto da 4 camere, una con bagno privato e 3 condividono il bagno. <br />Ampia terrazza per le colazioni con vista sul giardino/orto del "nonno".<br /><br /><b>The space</b><br />This room is a double room with private bathroom in a cozy b&b only one minutes fron the town centre.<br /><br />You can enjoy the breakfast in our sunny balcony<br /><br /><b>Other things to note</b><br />Tax: 0,70 ‚Ç¨ per night per person to pay at the arrival time.		Private room	1	1	82	BB30	BB
5996670	Charmant room  with mezanine in Canazei	Charmant loft room in renovated typical farmhouse with private multifunctional shower and TV		Private room	1	1	74	BB31	BB
6220439	Il b&b nel centro di Trento	Emplacement et style<br />Notre B&B se trouve dans une r√©gion r√©put√©e pour ses √©tablissements et ses eaux thermales √† Trento ville d‚ÄôArt, dans une r√©gion riche de t√©moignages d‚Äôun pass√© historique, architectural et culturel, dans un lieu offrant une vue exceptionnelle, au c≈ìur de la ville.<br /><br /><b>Other things to note</b><br />Emplacement et style<br />Notre B&B se trouve dans une r√©gion r√©put√©e pour ses √©tablissements et ses eaux thermales √† Trento ville d‚ÄôArt, dans une r√©gion riche de t√©moignages d‚Äôun pass√© historique, architectural et culturel, dans un lieu offrant une vue exceptionnelle, au c≈ìur de la ville. "B&B Al Palazzo Malfatti" est une prestigieuse demeure o√π respirer les saveurs de notre pass√©, une structure con√ßue avec gout, raffinement et amour pour le soin du d√©tail, une √©l√©gante r√©sidence unique par l‚Äôoriginalit√© de son style, un √©difice historique o√π pass√© et pr√©sent ne font plus qu‚Äôun afin de vous garantir le maximum de confort.<br />Environs<br />Les voyageurs q		Private room	1	3	118	BB32	BB
6345874	B&B al Capitello loc.Cadine-Trento - camera Rita	Situato in casa contadina dei primi '800 interamente ristrutturata.Dispone di 1 camera tripla e 1 quadrupla, bagni privati, sala colazioni con uso cucina. Ampio terrazzo. Parcheggio libero a 50 metri. Siamo a 5 km da Trento raggiungibile con autobus.<br /><br /><b>The space</b><br />Il B&B √® composto da 2 ampie camere. Camera Rita con letto matrimoniale e terzo letto a richiesta e bagno privato. Camera Laura con letto matrimoniale e letto a castello e bagno privato. Sala colazioni.<br />La nostra abbondante colazione dolce e salata prevede l'uso di prodotti genuini provenienti da produttori locali e prodotti fatti in casa. Gli ospiti potranno rilassarsi sull'ampia terrazza con vista incantevole sul Monte Bondone. <br />Il nostro B&B aderisce al circuito di B&B di qualit√† del Trentino.<br /><br /><b>Guest access</b><br />Gli ospiti posso usare nella sala comune frigorifero, forno a microonde, stoviglie. Gli ospiti possono disporre di deposito coperto e chiuso per bici/moto.<br /><br /><	Cadine, Trentino-Alto Adige, Italy	Private room	1	2	55	BB33	BB
6345895	B&B al Capitello loc. C√†dine-Trento - camera Laura	Situato in casa contadina dei primi '800 interamente ristrutturata.Dispone di 1 camera tripla e 1 quadrupla, bagni privati, sala colazioni con uso cucina. Ampio terrazzo. Parcheggio libero a 50 metri. Siamo a 5 km da Trento raggiungibile con autobus.<br /><br /><b>The space</b><br />Il B&B √® composto da 2 ampie camere. Camera Rita con letto matrimoniale e terzo letto a richiesta e bagno privato. Camera Laura con letto matrimoniale e letto a castello e bagno privato. Sala colazioni.<br />La nostra abbondante colazione dolce e salata prevede l'uso di prodotti genuini provenienti da produttori locali e prodotti fatti in casa. Gli ospiti potranno rilassarsi sull'ampia terrazza con vista incantevole sul Monte Bondone.<br />Il nostro B&B aderisce al circuito di B&B di qualit√† del Trentino.<br /><br /><b>Guest access</b><br />Gli ospiti posso usare nella sala comune frigorifero, forno a microonde, stoviglie. Gli ospiti possono disporre di deposito coperto e chiuso per bici/moto.<br /><br /><b	Cadine, Trento, Italy	Private room	1	4	75	BB34	BB
7034346	B&B tranquillo, Alba Sul Lago	Al limitare del bosco nella pace che la natura montana ci offre ho aperto la porta di casa mia ai viaggiatori del mondo. In questo vecchio maso ho realizzato questo Bed and Breakfast affacciato sul lago di Caldonazzo e le vallate. <br /><br /><br />I momenti vissuti mirando l'emozionante panorama sono gioia pura per gli occhi, io vivo qui da qualche anno e non mi stancher√≤ mai di goderne.<br /><br /><br /><br />Potrete immergervi completamente nella natura anche rilassandovi nel piccolo giardino fiorito.<br /><br /><br /><br /><br /><br />Vi aspetto!<br /><br /><b>The space</b><br />Il B&B Alba sul Lago ha due stanze: "Ambra" e "Giada". Curate nei minimi dettagli, dall'angolo del t√® al balcone che offre una vista mozzafiato sul Lago di Caldonazzo e le vallate che lo circondano. <br />Entrambe dispongono di un ingresso indipendente.<br /><br /><b>Guest access</b><br />Le stanze sono circondate dal bosco e dal giardino attrezzato accessibile ai nostri ospiti.<br /><br /><b>Other things t	San Vito, Trentino-Alto Adige, Italy	Private room	1	2	76	BB35	BB
7208528	Tripla vacanze in Val di Fiemme Trentino	Piccolo Hotel al centro di una meravigliosa valle, disponibilit√† e accoglienza ci accompagnano per offrirvi una rilassante vacanza estiva. Confortevoli stanze, spa, bike, escursioni, giochi bimbi, sport e divertimento per ogni et√† ed esigenza<br /><br /><b>Other things to note</b><br />2 euro a notte per l'ambiente e per te!<br /><br />La vacanza‚Äúgreen‚Äù costa meno. In estate, con un piccolo contributo di 2 Euro a notte, puoi viaggiare gratuitamente su impianti di risalita, trenini, bus e navette. Gratis anche escursioni guidate, racconti spettacolari, escursioni bike accompagnate, musei e castelli.<br /><br />La Trentino & FiemmE-motion Summer Card, aiuta l‚Äôambiente con un costo di 2 Euro a notte pur avendo un valore giornaliero di almeno 7 euro, per soggiorni fino a 10 notti, i bambini fino a 14 anni sono gratis.		Private room	1	3	45	BB36	BB
7629271	B&B Alle Vigne - Fruit room	The quiet of the countryside, the farm spaces, the warm welcome of Fernanda and its unforgettable breakfasts, cooked with genuine and natural ingredients. The B&B alle Vigne offers welcoming spaces, with attention to details, an independent entrance and a spacious parking space. The center of Rovereto is just a 2-minute drive away. <br />Room with shared bathroom.<br /><br /><b>The space</b><br />The position of the B&B guarantees quietness and relaxation. The accommodation is surrounded by vineyards, orchards, a garden and a vegetable garden. Fernanda cultivates the organic vegetable garden, while Ruggero works the vineyards.<br /><br /><b>Guest access</b><br />Access to your room is independent. From the parking space you enter the passage and the breakfast room, then your room. A gate guarantees security, therefore a remote control is given to enter and exit independently.<br /><br /><b>Other things to note</b><br />Check out before 10.00 am, check in approximately after 17.00.<br /	Rovereto, Trentino-Alto Adige, Italy	Private room	1	3	60	BB37	BB
7723970	B&B Maria - Room 1	The room has 2-3 beds; shared bathroom. Breakfast (included in the price) on the terrace with view on the Dolomiti-Gruppo Brenta mountain chain. The B&B is located in the Rural Historic Area of Trentino. It is possible to visit for free an ancient church with frescos (15th century) near the village. Free parking lot.<br /><br />Tourist tax excluded from Airbnb price: 1,50 ‚Ç¨ per person each night, children excluded (13 years and below).		Private room	1	2	22	BB38	BB
7724982	B&B Maria - Room 2	The room (30 minutes from A22) has 2/3 beds and bathroom. The B&B is located in the Rural Historic Area of Trentino. Breakfast is included in the price and served on the terrace with view on the Dolomiti-Gruppo Brenta mountains chain. Free parking lot. It is possible to visit an ancient church with frescos (15th cent.) near the village for free. There is a restaurant/trattoria not far.<br /><br />Tourist tax excluded from Airbnb price: 1,00 ‚Ç¨ per person each night, children excluded (13 years and below).		Private room	1	4	22	BB39	BB
7725932	Guesthouse Ferrata in Cadino	The La Ferrata Guesthouse awaits you 20-minute drive from Trento and 10 km from the Natural Park of Monte Corno.Our rooms are equipped with air conditioned, TV, and a private bathroom with toiletries, towels and a hair dryer.<br /><br /><b>The space</b><br />The ‚ÄúLa Ferrata‚Äù Guest House is in a recently restored historic house, close to the start of the splendid Cadino (Rio Secco) Via Ferrata, from which it gets its name. It has six rooms with private bathrooms, air conditioning, television and telephone; several rooms have fridges. There is also a large room with kitchenette that sleeps three people. A buffet breakfast is included.<br /><br />The guest house is in the hamlet of Cadino on the SS 12 Trento (18 km) to Bolzano (40 km) road, and is 4 km from the San Michele all‚ÄôAdige - Mezzocorona exit from the A22 motorway (direction Bolzano) making it an excellent stopping off point if you‚Äôre travelling through Trentino on a long journey between Italy and Austria or Germany. <br /><br />		Private room	1	3	81	BB40	BB
7794557	Monolocale Suite La Ferrata	Appartamento/family room con cucina e bagno privato La Ferrata, dotato di tutti i comforts tra Trento e Bolzano. Trentino Guest Card in omaggio per i nostri ospiti: trasporti pubblici, degustazioni, visite e ingressi in 100 musei e attrazioni GRATIS<br /><br /><b>The space</b><br />Guesthouse La Ferrata, tra Trento (15 minuti) e Bolzano (30 min.) e a 10 km dal Parco Naturale del Monte Corno.Punti di forza:<br /><br />+ facile da trovare e con comodissimo parcheggio gratuito davanti alla guesthouse<br />+ sulla strada statale 12, a 15 minuti da Trento e 30 da Bolzano e a 3 km. dal casello autostradale di San Michele<br />+ ambiente silenzioso e tranquillo, con ampia terrazza splendida vista sulla piana rotaliana<br />+ camere moderne e spaziose con grandi bagni<br />+ wifi veloce disponibile gratuitamente in tutte le camere <br />+ ascensore moderno<br />+ letti comodi, con reti e materassi ortopedici<br />+ a 2 minuti dalla pista ciclabile e al bikebreak bicigrill di Faedo di recente a		Private room	1	5	120	BB41	BB
7848759	standard double room la Ferrata	double room La Ferrata, equipped with all the comforts near Trento and Bolzano."Trentino Guest Card" FREE for our guests: free public transports, discounts on wine and food tastings, visits and attractions in over 100 museums (valid through 2/11/15)<br /><br /><b>The space</b><br />The ‚ÄúLa Ferrata‚Äù Guest House is in a recently restored historic house, close to the start of the splendid Cadino (Rio Secco) Via Ferrata, from which it gets its name. It has six rooms with private bathrooms, air conditioning, television and telephone; several rooms have fridges. There is also a large room with kitchenette that sleeps three people. A buffet breakfast is included.<br /><br />The guest house is in the hamlet of Cadino on the SS 12 Trento (18 km) to Bolzano (40 km) road, and is 4 km from the San Michele all‚ÄôAdige - Mezzocorona exit from the A22 motorway (direction Bolzano) making it an excellent stopping off point if you‚Äôre travelling through Trentino on a long journey between Italy and Austria		Private room	1	2	68	BB42	BB
7863209	Double /Triple Room B&B Alla Luna.	The Alla Luna B&B is housed in a typical manor house built in 1921 and recently restored. A bright and spacious double room with private bathroom and a front yard deck.<br /><br /><b>The space</b><br />This room is composed of a double and a single bed with an attached washroom.<br />The room is furnished with all the necessary amenities to make your stay unforgettable and absolutely comfortable.<br />The Alla Luna Bed & Breakfast is housed in a typical manor house built in 1921 and recently restored. <br />The accommodation comprises: <br />- two bright and spacious double rooms with private bathrooms and a front yard deck; <br />- two pleasant double bedrooms with a single private bathroom: these two rooms can be made intercommunicating to provide ideal accommodation for families or groups of friends;<br />- a large double bedroom with private bathroom and kitchenette. <br />All the rooms are spacious, tastefully furnished and have all the necessary features to make your stay pleasan	Rover√© della Luna, Trentino-Alto Adige, Italy	Private room	1	3	95	BB43	BB
7863958	Double Room B&B Alla Luna.	The Alla Luna B&B is housed in a typical manor house built in 1921 and recently restored. A bright and spacious double room with private bathroom and a front yard deck, solarium and huge lush green garden and a free parking available for guests.		Private room	1	2	70	BB44	BB
8026380	Al Cavour 34 - Bed&Breakfast	Al Cavour 34 welcomes you in one of the most beautiful squares of Italy, Piazza Duomo in Trento. Ideally located in Palazzo Gallo, an ancient palace dated 16th century, the apartment, newly rennovated, is the result of the fusion of history and desig<br /><br /><b>The space</b><br />Ideally located in Palazzo Gallo, an ancient palace dated 16th century, the apartment, newly rennovated, is the result of the fusion of history and design.<br /><br /><b>Other things to note</b><br />We offer a covered parking for bicycles.<br />We welcome small size pets with a supplement of ‚Ç¨ 10.		Private room	1	1	71	BB45	BB
8039887	B&B Alle Vigne - Vineyards room	The quiet of the countryside, the farm spaces, the warm welcome of Fernanda and its unforgettable breakfasts, cooked with genuine and natural ingredients. The B&B alle Vigne offers welcoming spaces, with attention to details, an independent entrance and a spacious parking space. The center of Rovereto is just a 2-minute drive away. <br />Room with shared bathroom.<br /><br /><b>The space</b><br />The position of the B&B guarantees quietness and relaxation. The accommodation is surrounded by vineyards, orchards, a garden and a vegetable garden. Fernanda cultivates the organic vegetable garden, while Ruggero works the vineyards.<br /><br /><b>Guest access</b><br />Access to your room is independent. From the parking space you enter the passage and the breakfast room, then your room. A gate guarantees security, therefore a remote control is given to enter and exit independently.<br /><br /><b>Other things to note</b><br />Check out before 10.00 am, check in  from after 17.00 until 23.00.<	Rovereto, Trentino-Alto Adige, Italy	Private room	1	3	60	BB46	BB
8049005	pieno centro storico stanza+bagno	Stanza con bagno privato, al terzo piano in palazzo storico, con ascensore. Adiacente Duomo e vicino a musei ed a luoghi d' interesse. Stazione dei treni a 500 mt. e parcheggio pubblico coperto a 200 mt. Colazione compresa nel prezzo.<br /><br /><b>The space</b><br />La posizione, adiacente all‚Äôabside del Duomo, √® ottima per visitare la citt√† a piedi! <br />La stanza, confortevole con letto matrimoniale, armadio e scrivania, si trova all'interno dell'appartamento dove viviamo noi, ma al piano superiore, perci√≤ godrete di una certa privacy :-). Il bagno √® privato e ad uso esclusivo degli ospiti, con asciugacapelli, bagno schiuma e shampoo.<br />Il riscaldamento pu√≤ essere regolato autonomamente, e la stanza √® dotata di aria condizionata, tv e wifi. <br />Sopra il letto, a vostra disposizione, vi sono libri in italiano, francese, inglese e spagnolo. <br />Non √® previsto l'uso della cucina ma nella stanza c'√® un bollitore con tazze e un‚Äôampia scelta di te e tisane. <br />Per la colazione,	Trento, Trentino-Alto Adige, Italy	Private room	1	1	54	BB47	BB
8109135	Nenez B&B	Nel piccolo paese di Pal√∫ di Giovo, nel cuore della Valle di Cembra, in Trentino, immerso nel verde dei vigneti, sarete accolti in un ambiente elegante e famigliare. Stanze confortevoli e spazio esterno privato con tanti confort a vostra disposizione. Letti King Size, bagni con finestra, soggiorno con divano letto e tv, camera con balcone e sala colazione con cucina attrezzata.<br /><br /><b>The space</b><br />Il B&B si trova nella casa costruita dai miei nonni che √® appena stata ristrutturata. Ha un ampio piazzale e un grande prato, attrezzato con tavolo e sedie, e un barbecue a disposizione degli ospiti. <br />Si trova nel centro del paese ben visibile dalla strada principale.<br />A disposizione anche le attrezzature per neonati gratis in culla fino ai 3 anni.<br /><br /><b>Guest access</b><br />Gli ospiti hanno libero accesso a tutti gli spazi esterni al B&B tra cui il giardino, il piazzale e la zona relax attrezzata con barbecue!<br /><br /><b>Other things to note</b><br />Alcuni	Pal√π, Trentino-Alto Adige, Italy	Private room	4	4	60	BB48	BB
8252993	Al Cavour 34 - B&B in City center with Bfast incl.	Al Cavour 34 welcomes you in one of the most beautiful squares of Italy, Piazza Duomo in Trento. Ideally located in Palazzo Gallo, an ancient palace dated 16th century, the apartment, newly rennovated, is the result of the fusion of history and desig<br /><br /><b>The space</b><br />Ideally located in Palazzo Gallo, an ancient palace dated 16th century, the apartment, newly rennovated, is the result of the fusion of history and design.		Private room	1	1	76	BB49	BB
8369105	B&B Posta Pregasina	<b>The space</b><br />Our B&B is right in the old village and has private parking.<br />The view over Lake Garda and the mountains is fantastic.<br />Our spacious rooms all have a view on the lake, nice furniture and a private bathroom right opposite.		Private room	1	2	80	BB50	BB
8415500	Double with bath near Campiglio	Double room in Garni La Soldanella. All rooms are furnished in wood and have a bathroom, balcony and TV. Besides thr house there is a parking and garage with ski and boot warmers, and garden.<br /><br /><b>The space</b><br />All our rooms are furnished in wood with a balcony, bathroom and TV. We have also a garden, garage and ski room with boot warmers.<br /><br /><b>Guest access</b><br />The rooms and the common parts are available<br /><br /><b>Other things to note</b><br />We have agreements with restaurants 100m far from us and we have discounts in restaurants and pizzerias in Pinzolo and Madonna di Campiglio. For the winter there is a ski bus stops at 100m to the slopes of Campiglio.		Private room	1	2	100	BB51	BB
8529956	Triple room near Campiglio	Triple room in garni Soldanella with double bed plus single bed and with private bathroom, television, safe, balcony with views, garage and a heated ski storage scarponi. Available also breakfast room and garden.<br /><br /><b>The space</b><br />All our rooms are furnished in wood with a balcony, bathroom and TV. We have also a beautiful garden, garage, ski room with boot warmers.<br /><br /><b>Guest access</b><br />You will have access to the room, the breakfast room and the garden.<br /><br /><b>Other things to note</b><br />We have agreements with restaurants 100m far from us and we have discounts in restaurants and pizzerias in Pinzolo and Madonna di Campiglio. For the winter there is a ski bus stops at 100m to the slopes of Campiglio.		Private room	1	2	130	BB52	BB
8641708	Double room in Pra de la Casa	Surrounded by Natural Park Adamello Brenta, the Holiday home Pra de la Casa offers a holiday in nature, for lovers of peace and tranquility. The double room is very confortable and  has is own bathroom. We offer the b&b service and dinner extra cost.<br /><br /><b>The space</b><br />The room is located in the holiday home Pra de la Casa, in the picturesque scenery of the Brenta Valley.<br />The room consists of a double bed. The room as his own bathroom with shower.<br />Breakfast is offered every morning. The on-site restaurant is available only to guests and serves Tyrolean specialties. Guests can enjoy special rates on group tours in the surrounding areas.<br /><br /><b>Guest access</b><br />Guests have access to the room, a reading room and breakfast room.<br />Private parking and ski storage.<br /><br /><b>Other things to note</b><br />Available Mountain bike and Snowshoes for walks in the snow.	Sant'Antonio di Mavignola, Trentino-Alto Adige, Italy	Private room	1	1	120	BB53	BB
8666291	Room in the city center	The B&B is located in a historic building in the heart of Trento overlooking the Duomo. The spacious rooms are newly renovated. You can enjoy your buffet-breakfast in the cozy lounge with panoramic terrace.<br /><br /><b>The space</b><br />The B&B Margot is the third floor of a residential building in the city center. It consists of 4 bedrooms with windows, one with a large balcony with panoramic views of the city and particularly of the cathedral of San Vigilio. The B&B has 2 bathrooms and a large welcoming breakfast hall with terrace overlooking the Duomo. The rooms can accommodate 1 to 4 people each, they have TV and WiFi connection and 2 shared bathrooms.<br />You can enjoy your buffet-breakfast in a cozy and bright room with a lovely view on the city. At your disposal a coffee and tea corner.<br /><br /><b>Guest access</b><br />Guests have a wide and bright breakfast room with terrace. The bathroom is in front of the room and it is shared with another room.<br /><br /><b>Other thi	Trento, Trentino-Alto Adige, Italy	Private room	1	4	56	BB54	BB
9005917	Double room into an apple orchard	The resort is nestled in the green Valsugana, 10' walking from the lake and the train station. The farm is newly built entirely of wood. On the weekends you can taste our products at the Farm Holiday.<br /><br /><b>The space</b><br />The farmhouse, surrounded by green countryside, offers wheelchair accessible rooms on ground floor. Outside the building there is a large courtyard with free car parking. The house is surrounded by an apple orchard where our animals (goats, donkeys, sheeps, chickens, peacocks and a few gooselives) live for the joy of kids. Breakfast is served in the dining room and made with our local products such as jam and fruit juices.<br /><br /><b>Guest access</b><br />Guests have access to a small bicycle storeroom, a large terrace on the first floor where you can enjoy an incredible view, the restaurant on the ground floor and a large surrounding garden.<br /><br /><b>Other things to note</b><br />Our restaurant is open every day in July and August. During the rest	Caldonazzo, Trentino-Alto Adige, Italy	Private room	1	2	43	BB55	BB
9124013	Family room into an apple orchard	The resort is nestled in the green Valsugana, 10' walking from the lake and the train station. The farm is newly built entirely of wood. On the weekends you can taste our products at the Farm Holiday.<br /><br /><b>The space</b><br />The farmhouse, surrounded by green countryside, offers wheelchair accessible rooms on ground floor. Outside the building there is a large courtyard with free car parking. The house is surrounded by an apple orchard where our animals (goats, donkeys, sheeps, chickens, peacocks and a few gooselives) live for the joy of kids. Breakfast is served in the dining room and made with our local products such as jam and fruit juices.<br /><br /><b>Guest access</b><br />Guests have access to a small bicycle storeroom, a large terrace on the first floor where you can enjoy an incredible view, the restaurant on the ground floor and a large surrounding garden.<br /><br /><b>Other things to note</b><br />Our restaurant is open every day in July and August. During the rest	Caldonazzo, Trentino-Alto Adige, Italy	Private room	1	4	110	BB56	BB
9341840	vicino a  Trento piccolo bilocale	edificio nel centro storico del paese di Gardolo a poca distanza da Trento ingresso indipendente, camera da letto, locale arredato x prima colazione, bagno privato.<br />spazi completamente rinnovati.<br />L'alloggio √® attrezzato per ospitare due persone ma c'√® la possibilit√† di aggiungere un posto letto (vedi costi aggiuntivi)<br /><br /><b>The space</b><br />ho cercato di arredare in modo informale e simpatico gli spazi, il bagno √® molto grande con vasca anche ad uso doccia.<br />Metto a disposizione tutto il necessario x la colazione, scegliendo per voi i nostri prodotti locali. <br />La zona colazione √® fornita di bollitore, macchina del caff√®, frigorifero, microonde e TV<br />Avrete accesso al Wi- Fi.<br /><br />Wifi e TV<br /><br /><b>Guest access</b><br />gli spazi sono a completa ed esclusiva disposizione degli ospiti, con accesso indipendente.<br /><br /><b>Other things to note</b><br />Gardolo dista 5 Km circa dal centro citt√†.<br />Nelle immediate vicinanze c'√® la fermata de	Trento, Trentino-Alto Adige, Italy	Private room	1	1	45	BB57	BB
9384663	B&B La casa delle Bambole /Tramonto	Benvenuti a casa! La casa delle Bambole offre ospitalit√† in famiglia in un piccolo paesino al centro della Valle Di Fiemme, nelle vicinanze dei pi√π bei comprensori sciistici. Ambiente rustico e colazioni con prodotti a km 0 preparate da Daniela!<br /><br /><b>The space</b><br />Ospitalit√† famigliare e ricche colazioni con prodotti locali<br /><br /><b>Guest access</b><br />Gli ospiti avranno accesso alla stanza, al bagno e alla sala lettura.		Private room	1	2	75	BB58	BB
9620421	Suite dal design di montagna	Accogliente, calda e confortevole,<br />√® incluso anche il libero accesso alla Spa, con piscina esterna-interna riscaldata, saune e rituali di benessere.<br /><br /><b>The space</b><br />Caldo, accogliente, pulito e lussuoso. La vacanza per spiriti esigenti.<br /><br /><b>Guest access</b><br />Spa con piscina e saune, ristorante per la colazione... ma anche per la cena, palestra, sala giochi e tutta la natura intorno.<br /><br /><b>Other things to note</b><br />L'hotel √® un'oasi di benessere dallo charme famigliare,<br />benessere e tradizione vengono dal cuore.	Soraga, Trentino-Alto Adige, Italy	Private room	1	2	589	BB59	BB
10350088	B&B AI PINI  LEDRO	A pochi minuti di macchina dal lago di Ledro e ai piedi del monte Tremalzo.  Si trova in una  zona tranquilla, la stanza a 4 letti a piano terra con servizi privati<br />Ottimo punto di partenza per percorsi di trekking e in mountain bike<br /><br /><b>The space</b><br />ampia stanza indipendente a piano terra con servizi privati<br /><br /><b>Other things to note</b><br />Parcheggio davanti casa privato.	Tiarno di Sopra, Trentino-Alto Adige, Italy	Private room	1	4	32	BB60	BB
11002130	Trento nel Verde - Bondone	The Bondone bedroom is inside a villa of the early 1900s, on the first hill of Trento. Immersed in a park of half a hectare with old trees it is near the center and near the Faculty of Engineering.<br />There is a splendid panoramic view. You will love the park, the intimacy, the location, the high ceilings and the breakfast. It's suitable for teachers, researchers, family members of students, couples and those traveling for work and tourists. Well served by transport.<br /><br /><b>The space</b><br />Living in an Art Nouveau villa with ample space is simply beautiful. Walking in the park in front or in the small wood is relaxing. Enjoying the shade of ancient trees while admiring a panorama that sweeps the mountains that accompany the Val d'Adige is unique. To try.<br /><br /><b>Guest access</b><br />Guests will have access to their room with bathroom and, for breakfast, to the veranda overlooking the city. They may also have access to the park in front of the forest and the orchard.		Private room	1	2	75	BB61	BB
11163269	Bed and Breakfast Posta Pregasina	Il mio alloggio √® vicino a Riva del Garda<br />Lago di Garda<br />Lago di Ledro<br />Lago di Tenno<br />Climbing<br />Ponale. Il mio alloggio √® adatto a coppie, avventurieri solitari, chi viaggia per lavoro, famiglie (con bambini), grandi gruppi e amici pelosi (animali domestici).		Private room	1	2	80	BB62	BB
11467369	Room & private bathroom with breakfast	room with private bathroom located in a beautiful newly renovated villa with a big garden, free parking inside the property.  Only 700 meters from lake Garda.<br /><br /><b>The space</b><br />The house is located just 700 meters from from Lake Garda, very close to the center of Torbole, 10 minutes walk to Riva del Garda and about 4km from the center of Arco. The house has been recently renovated and the forniture is new, it is surrounded by a big garden with tables and sun beds, there are also 4 parking spots available inside the property. There are three rooms: two which share a bathroom and one with private bathroom. There is a common space in the middle, with a coffe machine, a kitchen equipped with all you need to cook.<br /><br />Guest have access to: their private room with own bathroom, the common area, the kitchen and the big garden surrounding the house.<br /><br />Most of the time I'll be available, i live in the apartment upstairs.<br /><br />The location is one of the best		Private room	1	2	64	BB63	BB
11486025	Modern room with breakfast (shared bathroom)	Private room, in a beatiful newly renovated villa 700 meters from Lake Garda. This room has a shared bathroom.<br /><br /><b>The space</b><br />The house is located 700 meters from the shores of lake Garda and it is surrounded by a big garden. The room is equipped with a 40" flat screen tv and blue tooth speakers. This room has a shared bathroom. <br />The house is close to the center of Torbole, 15 minutes walk to Riva del Garda and about 4km from the center of Arco. The house has been recently renovated and the forniture is new, it is surrounded by a big garden with tables and sun beds, parking is available inside the property. There are three rooms: two which share a bathroom and one with private bathroom. There is a common space in the middle, with a coffe machine.<br /><br />Guest have access to: their private room, the bathroom which this room shares with another room, the kitchen, the common dining room and the big garden.<br /><br />Most of the time I'll be available for any ne		Private room	1	3	53	BB64	BB
12047429	Garden view room with breakfast (shared bathroom)	The house is located 500 meters from lake Garda and it is surrounded by a big garden. A healhty breakfast is served every morning. The room is equipped with a 40" flat tv, blue tooth speakers, hair drier. This room has a shared bathroom.<br /><br /><b>The space</b><br />The Bed and Breakfast "Carly's Rooms" is located just 500 meters from from Lake Garda, very close to the center of Torbole, 10 minutes walk to Riva del Garda and about 4km from the center of Arco. The house has been recently renovated and the forniture is new, it is surrounded by a big garden with tables and sun beds, there are also 4 parking spots available inside the property. There are three rooms: two which share a bathroom and one with private bathroom. There is a common space in the middle, with coffe and tea machine, a small fridge if you need to store something and a microwave.<br /><br /><b>Guest access</b><br />Guest have access to: their private room, the bathroom which this room shares with another room, the	Torbole, Trentino-Alto Adige, Italy	Private room	1	2	53	BB65	BB
12355211	B&B Margot Trento	<b>The space</b><br />The B&B Margot is the third floor of a residential building in the city center. It consists of 4 bedrooms with windows, one with a large balcony with panoramic views of the city and particularly of the cathedral of San Vigilio. The B&B has 2 bathrooms and a large welcoming breakfast hall with terrace overlooking the Duomo. The rooms can accommodate 1 to 4 people each, they have TV and WiFi connection and 2 shared bathrooms.<br />You can enjoy your buffet-breakfast in a cozy and bright room with a lovely view on the city. At your disposal a coffee and tea corner.<br /><br /><b>Guest access</b><br />Guests have a wide and bright breakfast room with terrace. The bathroom is in front of the room and it is shared with another room.<br /><br /><b>Other things to note</b><br />Guests have at their disposal a bicycle parking in common with the whole building. Possibility of luggage storage.<br />Tourist tax 1,50 ‚Ç¨ per night and per person not included but to be paid at ch	Trento, Trentino-Alto Adige, Italy	Private room	1	2	67	BB66	BB
12376427	B&B Casa del Mao	Ci troviamo in un caratteristico paese di montagna; posizione perfetta per riassaporare i valori della tranquillit√† e della semplicit√†, e vivere esperienze autentiche alla scoperta degli scorci mozzafiato che offre la zona, tra sport, cibo ed eventi.<br /><br /><b>The space</b><br />La Casa del Mao √® composta da un'ampia stanza matrimoniale/doppia, un eventuale letto aggiuntivo in camera separata; un bagno riservato agli ospiti con doccia; una cucina-living. Tutti gli spazi sono recentemente ristrutturati, curati nei dettagli, accostando uno stile moderno ad elementi vintage, colori ed elementi grafici che rendono allegra ed accogliente la casa.<br /><br /><b>Guest access</b><br />Gli ospiti della Casa del Mao avranno a disposizione gli spazi del piano terra della residenza: la cucina-living dove fare colazione o passare del tempo in caso di pioggia, con i libri ed i giochi presenti nella biblio-ludoteca, o gustandosi un momento di relax "aprendo l'angolo good night", con tisane prodot	Mis, Trentino-Alto Adige, Italy	Private room	1	2	51	BB67	BB
12746965	Piccolo b&b a Riva del Garda	Situato a 200m dalla zona fieristica e solo 1500m dal lago, accoglie gli ospiti in una antica casa terra-cielo all'interno di un cortile dove √® possibile consumare pasti comprati o la colazione .  Ideale per sportivi.<br /><br /><b>The space</b><br />Alloggio dall'arredo semplice, essenziale e pulito. location perfetta per praticare gli sport all'aria aperta. A disposizione una rimessa chiusa e coperta per le biciclette. Parcheggio gratuito a pochissimi metri. La casa si sviluppa su 4 livelli.<br /><br /><b>Other things to note</b><br />Disponibile la colazione senza glutine	Riva del Garda, Trentino-Alto Adige, Italy	Private room	1	1	45	BB68	BB
13162961	B&B in the green parking and garden	I offer a spacious bedroom on the ground floor of my house. You will find twin bed, a full equiped bathrooms and a lounge shared with the other guests. From here you can walk on the slopes of Mount Baldo, get a bike to Lake Garda or the bicycle path along the river Adige. In half an hour you can get to Trento and Verona in an hour. Lake Garda is around 20 minutes.<br /><br /><b>The space</b><br />Accommodation completed in 2012 with all comforts<br /><br /><b>Guest access</b><br />two double bedrooms, two bathrooms, living area with sofa bed, patio and lawn in front of the house<br /><br /><b>Other things to note</b><br />You can relax on the lawn in front of the apartment	Mori, Trentino-Alto Adige, Italy	Private room	1	1	90	BB69	BB
13629533	B&B al Maso Osler	My B&B is located in a beautiful panoramic and quiet area surrounded by greenery just minutes from the beaches of Lake Caldonazzo (TN) and just 10 minutes from Trento. It is the place for couples and families.<br /><br /><b>The space</b><br />The B & B Al Maso Osler is located in Osler in the town of Pergine Valsugana (TN) in Italy; located in a beautiful panoramic and quiet area surrounded by greenery overlooking Lake Caldonazzo, just 10 minutes from Trento.<br />The B & B has two separate rooms, spacious and autonomous that provide comfort and privacy: (each has a private entrance and bathroom): the first ("Lavanda") with double bed and the second (Albicocca) with double bed and bunk bed.<br /><br /><b>Guest access</b><br />The B & B has two large rooms with entrance and private bathroom.		Private room	2	5	90	BB70	BB
13631032	Una vera chicca	Metti un letto matrimoniale, in una mansarda in legno, bagno con vista sul bosco e doccia completamente in vetro, una vista su tutto il primiero coccolati da una favolosa colazione...altro non √® che un sogno!		Private room	1	1	120	BB71	BB
13780178	B&B Tomaselli	Il nostro B&B si trova nella tranquilla Strigno, immerso nella natura e circondato dalle Alpi. Gode di una vista mozzafiato della Valsugana, e si trova a 25 min dalle piste da sci di Passo Brocon, a 20 min dai laghi di Levico e Caldonazzo e a mezz'ora da Trento. Ideale per coppie, famiglie, gruppi di amici, motociclisti, ciclisti, alpinisti...amici a quattro zampe inclusi!<br />*I prezzi variano a seconda della camera/appartamento scelto e tot ospiti*colazione esclusa se pernottamento in appartamento<br /><br /><b>The space</b><br />Le bellissime camere del B&B Tomaselli in Valsugana si presentano semplici ma allo stesso tempo dotate di ogni comfort, sono disposte su due piani dell' edificio principale del B&B, la 3 e la 4 sono al piano terra, hanno ingresso riservato solo a loro, la 5 e la 6 si trovano al primo piano della struttura e il loro ingresso principale √® nella sala colazione. In tutte le camere c'√® il televisore digitale terrestre e satellite da 32‚Äù, video-telefono e citofon	Strigno, Trentino-Alto Adige, Italy	Private room	6	16	35	BB72	BB
13849645	Camera classic	Il mio alloggio √® vicino a montagne della val di fiemme, attivit√† per la famiglia. Ti piacer√† il mio alloggio per questi motivi: la posizione, l'atmosfera e gli spazi esterni. Il mio alloggio √® adatto a coppie, avventurieri solitari, chi viaggia per lavoro, famiglie (con bambini), grandi gruppi e amici pelosi (animali domestici).		Private room	1	2	500	BB73	BB
13849914	Camera classic con Balcone	Il mio alloggio √® adatto a coppie, avventurieri solitari, chi viaggia per lavoro, famiglie (con bambini), grandi gruppi e amici pelosi (animali domestici).		Private room	1	2	500	BB74	BB
13849973	Camera comfort	Il mio alloggio √® adatto a coppie, chi viaggia per lavoro, famiglie (con bambini), grandi gruppi e amici pelosi (animali domestici).		Private room	1	3	500	BB75	BB
13850037	Camera comfort con balcone	Il mio alloggio √® vicino a Montagne della valle di Fiemme, attivit√† per la famiglia. Ti piacer√† il mio alloggio per questi motivi: la posizione e gli spazi esterni. Il mio alloggio √® adatto a coppie, avventurieri solitari, chi viaggia per lavoro, famiglie (con bambini), grandi gruppi e amici pelosi (animali domestici).		Private room	1	3	500	BB76	BB
13850107	Camera Family	Il mio alloggio √® adatto a coppie, avventurieri solitari, chi viaggia per lavoro, famiglie (con bambini), grandi gruppi e amici pelosi (animali domestici).		Private room	1	4	500	BB77	BB
13851033	Camera family con balcone	Il mio alloggio √® adatto a coppie, avventurieri solitari, chi viaggia per lavoro, famiglie (con bambini), grandi gruppi e amici pelosi (animali domestici).		Private room	1	4	500	BB78	BB
13862113	b&b Fior	Fior √® un B&B nato nel 2016 che si trova a Tamion, immerso in una natura suggestiva ed incontaminata, dove si respira un atmosfera che rigenera l¬¥anima ed il corpo.<br /><br />Ci√≤ che rende unico il B&B Fior √® il suo stile moderno e tradizionale allo stesso tempo, una particolare cura per il dettaglio e un utilizzo di materiali ricercati che gli conferiscono una  forte personalit√†, Armando architetto e Erika restauratrice vi accoglieranno con calore nella loro casa da sogno nel cuore delle Dolomiti.<br /><br /><b>The space</b><br />Il B&B Fior pur essendo circondato da boschi e prati fioriti in un paesaggio aperto verso la Val di Fassa che offre un panorama mozzafiato sulle cime delle Dolomiti √© molto vicino a paesi pi√∫ grandi che offrono infinite possibilit√° di divertimento e di relax.<br />Nelle vicinanze ci sono comprensori sciistici con mille possibilit√† di divertimento sia sportivo che naturalistico, invernale ed estivo.<br /><br /><b>Guest access</b><br />dall¬¥ingresso principale	Tamion, Trentino-Alto Adige, Italy	Private room	1	2	160	BB79	BB
13873200	Camera Deluxe x2 - B&B Armando Diaz 5	Il mio alloggio √® vicino a il centro citt√†, splendide viste panoramiche, parchi e arte e cultura. Ti piacer√† il mio alloggio per questi motivi: la gente, gli spazi esterni, l'atmosfera, la luce e il quartiere. Il mio alloggio √® adatto a coppie, avventurieri solitari, chi viaggia per lavoro e amici pelosi (animali domestici).<br /><br /><b>The space</b><br />Appartamento appena ristrutturato ed arredato a nuovo composto da due camere da letto, ampio bagno, cucina e soggiorno con ampio terrazzo che vanta la vista su una delle principali piazze del centro storico: Piazza Italia!<br /><br /><b>Guest access</b><br />Su richiesta anticipata, rilasciamo i permessi con validit√† 30 minuti per accedere alla zona traffico limitata.<br /><br /><b>Other things to note</b><br />Wifi, colazione all'italiana e all'inglese a buffet, biciclette in comodato gratuito, televisione in camera.	Trento, Trentino-Alto Adige, Italy	Private room	1	2	59	BB80	BB
13954978	B&B Ai Marchetini	ciao<br /><br /><b>The space</b><br />Il mio alloggio √® vicino a sentieri, punti panoramici, palestra di roccia, laghi, piste da sci, campo da golf, tennis, calcetto. Vicino all'Arboreto, Giardino d'Europa, ai Musei del Tesino. Le camere sono adatte a coppie, avventurieri solitari, famiglie (con bambini) e amici pelosi (animali domestici). Parcheggio, barbecue, giardino privato con giochi a disposizione degli ospiti gratuitamente. La tariffa si intende a notte a coppia con abbondante colazione a buffet inclusa. Pulizia giornaliera.<br /><br />Le stanze sono a tema e personalizzate. Entrata indipendente, sala da colazione curata e particolare, cucina in comune su richiesta. Relax e tranquillit√† sono di casa. Stanze spaziose, luminose, con TV, internet, bagno privato, bollitore con tazze a disposizione gratuitamente.<br /><br />Abbiamo 1 stanza matrimoniale, 1 stanza matrimoniale con possibilit√† di letto aggiuntivo, 1 stanza quadrupla (matrimoniale + divano letto), con entrata indipenden		Private room	3	6	34	BB81	BB
14003745	Letto alla Francese in pieno centro storico.	Il mio alloggio √® vicino a il centro citt√†, parchi, , splendide viste panoramiche, arte e cultura. Ti piacer√† il mio alloggio per questi motivi: la gente, gli spazi esterni, l'atmosfera, il quartiere e la luce. Il mio alloggio √® adatto a coppie, avventurieri solitari, chi viaggia per lavoro, famiglie (con bambini), grandi gruppi e amici pelosi (animali domestici).<br /><br /><b>The space</b><br />La camera √® composta da un letto alla francese, comodo anche per due persone, televisione in camera e cabina armadio,situata in appartamento di 90 mq appena ristrutturato e con solo un altra stanza.<br />Bagno molto ampio in condivisione.<br />Zona giorno con ampio divano, cucina e terrazzo sulla citt√†.<br /><br /><b>Guest access</b><br />Appartamento di 90 mq composto da due camere: singola e doppia, un ampio bagno con lavatrice, soggiorno cucina con ampio terrazzo che vanta di vista su Piazza Italia.<br />Ristrutturato totalmente a nuovo ed arredato a nuovo.<br /><br /><b>Other things to not	Trento, Trentino-Alto Adige, Italy	Private room	1	1	48	BB82	BB
14083933	B&B Pichler Casa in  Valle di Fiemme	Il mio alloggio √® vicino a trasporto pubblico, attivit√† per la famiglia, parco per bambini, campo da tennis, piste da sci, vista panoramica e tranquilla. <br /><br />Ti piacer√† il mio alloggio per questi motivi: la gente, l'atmosfera, gli spazi esterni, la luce e il quartiere. <br /><br />Il mio alloggio √® adatto a coppie, avventurieri solitari, chi viaggia per lavoro, e famiglie con bambini<br /><br /><b>The space</b><br />B&B Pichler Casa √® una soluzione ottimale per chi √®  alla ricerca di una dimora accogliente, ambienti curati e ricercati, mobili di pregio autentico antiquariato locale... senza precludere ogni comfort per le vacanze, tutte le camere sono curate nel dettaglio, con ampia TV, soffice biancheria e profumata linea cortesia di qualit√†.<br /><br />La colazione √® servita nella nostra stube con vista mozzafiato... vast√≤ buffet con dolci locali , e prodotti di primissima scelta. Posto auto, wi-fi,  tutto disponibile gratuitamente <br />Inoltre disponiamo di camere superior d	Castello di Fiemme, Trentino-Alto Adige, Italy	Private room	1	1	152	BB83	BB
14119179	B&B Posta	Il mio alloggio √® vicino a Lake Garda, Lake Ledro, Lake Tenno, splendide viste panoramiche, spiaggia, ristoranti, attivit√† per la famiglia. Ti piacer√† il mio alloggio per questi motivi: i panorami, la posizione, l'atmosfera e gli spazi esterni. Il mio alloggio √® adatto a coppie, avventurieri solitari, chi viaggia per lavoro, famiglie (con bambini), grandi gruppi e amici pelosi (animali domestici).		Private room	1	2	80	BB84	BB
14742262	Two rooms in the b & b Trento Center	My accommodation is a b & b divided on two apartments, there are common areas to share with other guests as the breakfast room. Each apartment has two bedrooms with a shared bathroom between the two rooms. There is no kitchen but a breakfast room with a coffee corner. For more details just ask .. Close to public transport, the city center and art and culture. This is not a private use apartment, there are areas shared with two other rooms and we live on property owners.Tourist tax not included.<br /><br /><b>Other things to note</b><br />The tourist tax is not included in the booking price but it is to pay just to check in		Private room	2		112	BB85	BB
15156232	B&B Casa Incantata | Stanza "tramonto"	L'eleganza ed il comfort racchiusi in una graziosa e raffinata stanza dove godere splendidi tramonti.<br /><br />Il nostro B&B, completamente ristrutturato √® una casa clima classe A. Interni in legno naturale, cos√¨ come i serramenti e le logge che racchiudono luminose inquadrature sulle Dolomiti di Brenta, sul lago di S. Giustina e su tutto il corollario di meleti e montagne della Val di Non.<br /><br /><b>The space</b><br />Il luogo ideale per recuperare energie, per conoscere l'arte del buon vivere, dove la cortesia e l'ospitalit√† sono di casa. Luogo ideale per degustare le colazioni fatte da Daniela con i prodotti del territorio, per sorbire un infuso di erbe e frutti,un the o un distillato comodamente seduti in una "nicchia" dove lo sguardo spazia sugli splendidi scenari che vi circondano.<br />Il piacere della convivialit√† che aiuta a sconfiggere la solitudine e la noia,la bellezza che dona felicit√† anche attraverso semplici cose che noi abbiamo adottato come stile di vita.		Private room	1	1	45	BB86	BB
15156555	B&B Casa Incantata | Stanza "i fiori"	I primi raggi del mattino inondano di luce questa spaziosa e confortevole stanza, con una spettacolare vista sul lago e sulla valle.<br /><br /><b>The space</b><br />Il luogo ideale per recuperare energie, per conoscere l'arte del buon vivere, dove la cortesia e l'ospitalit√† sono di casa. Luogo ideale per degustare le colazioni fatte da Daniela con i prodotti del territorio, per sorbire un infuso di erbe e frutti,un the o un distillato comodamente seduti in una "nicchia" dove lo sguardo spazia sugli splendidi scenari che vi circondano.<br />Il piacere della convivialit√† che aiuta a sconfiggere la solitudine e la noia,la bellezza che dona felicit√† anche attraverso semplici cose che noi abbiamo adottato come stile di vita.		Private room	1	3	45	BB87	BB
15156722	B&B Casa Incantata | Stanza "le stelle"	Silenziosa ed intima come le notti stellate della Val di Non.<br /><br />Il nostro B&B, completamente ristrutturato √® una casa clima classe A.Interni in legno naturale, cos√¨ come i serramenti e le logge che racchiudono luminose inquadrature sulle Dolomiti di Brenta,sul lago di S. Giustina e su tutto il corollario di meleti e montagne della Val di Non.<br /><br /><b>The space</b><br />Il luogo ideale per recuperare energie, per conoscere l'arte del buon vivere, dove la cortesia e l'ospitalit√† sono di casa. Luogo ideale per degustare le colazioni fatte da Daniela con i prodotti del territorio, per sorbire un infuso di erbe e frutti,un the o un distillato comodamente seduti in una "nicchia" dove lo sguardo spazia sugli splendidi scenari che vi circondano.<br />Il piacere della convivialit√† che aiuta a sconfiggere la solitudine e la noia,la bellezza che dona felicit√† anche attraverso semplici cose che noi abbiamo adottato come stile di vita.		Private room	1	1	45	BB88	BB
15224777	AGRITUR VALLAROM CAMERA  FUFLUS	Al costo va aggiunto la tassa di soggiorno ‚Ç¨ 1.20 a persona per notte. Il costo indicato √® a persona e per notte. Per l'uso singolo ‚Ç¨ 10 in pi√π. Nei periodi di alta stagione ci sar√† un aumento di ‚Ç¨ 5 a persona e per notte.  Per i bambini √® disponiblie un lettino a pagamento.  Le camere si trovano all'interno di un vecchio Maso circondato da vigne, piante da frutto, boschi. E' il luogo ideale per rilassarsi e ricaricare le energie. L'azienda agricola produce vini bio e miele<br /><br /><b>The space</b><br />La stanza Fuflus si trova nel Maso circondato dalle vigne a conduzione biologiche, dalle arnie, dall'orto e dalle piante da frutto. L'ambiente √® perfetto per chi vuole passare dei giorni spensierati ed in completo relax. L'agriturismo dispone anche di un piccolo centro benessere con sauna e bagno turco, idromassaggiio caldo esterno . La recente ristrutturazione finita a dicembre 2015 ha reso questa struttura molto personale ed unica. Lo storico maso del 1300 ha mantenurto alcuni part	Avio, Trentino-Alto Adige, Italy	Private room	1	2	50	BB89	BB
15224920	AGRITUR VALLAROM CAMERA MARZEMINO	Al costo va aggiunta la tassa di soggiorno ‚Ç¨ 1.20 a persona a notte . Il costo indicato ‚Ç¨ 50 √® a persona e per notte per l'uso singolo va aggiunto ‚Ç¨ 10 a notte. Nei periodi di alta stagione c'√® un costo aggiuntivo di ‚Ç¨ 5 a persona e per notte.  Camera con pareti d'argilla, come tutta la struttura dell'agriturismo, che offrono un benessere fisico inpagabile. Il lavandino del bagno √® il vecchio del maso, abbaimo pensato che la storia e quello che ci lascia √® un bene da non perdere.vini bio/miele<br /><br /><b>The space</b><br />La stanza dell'agirturismo va bene per ospitare tre, due od uan persona. Il costo √® variabile a seconda del numero deglio ospiti, quello indicato √® per tre. Al costo della stanza va aggiutna la tassa di soggirono ‚Ç¨ 1.20 a persona e per notte.<br /><br /><b>Other things to note</b><br />La nostra struttura ristrutturata di recente, abbiamo finito a dicembre 2015, √® stata rifatta con materiali naturali. Le pareti sono rivestite di argilla, la quale regolara l'umidit	Masi D'avio, Trentino-Alto Adige, Italy	Private room	1	2	50	BB90	BB
15225126	AGRITUR VALLAROM PINOT NERO	Al costo della stanza va agiunta la tassa di soggiorno ‚Ç¨ 0.70 a persona per notte. Il costo indicato di ‚Ç¨ 65 √® a persona  e per notte, ‚Ç¨ 10 in pi√π per uso singolo. Nei periodi di alta stagione c'√® un aumento di ‚Ç¨ 5 a persona e per notte. La stanza si trova ll'interno del maso, che √® anche la cantina e la casa dei gestori. Le pareti sono state intonacate con argilla, per rendere l'aria pi√π salubre e bilanciata nell'umidit√†, gli arredi sono realizzati con legno non trattati<br /><br /><b>The space</b><br />La stanza si trova nel Maso storico dell'azienda agricola biologica Vallarom che produce vini biologici, miele, frutta ed ortaggi. La struttura √® di recente ristruttrazione finita nel dicembre 2015, i materiali usati sono il pi√π possibile naturali, come l'argilla sulle pareti che rende l'aria all'interno molto salubre, i mobili sono stati realizzati con dei vecchi legnami, i pavimenti con le pitre ed il marmo dei nostri monti vicini. la camera √® arredata con uno stile rustrico ma molto	Avio, Trentino-Alto Adige, Italy	Private room	1	2	65	BB91	BB
15493285	B&B il bosco incantato	Panorama mozzafiato, giardino e patio privato.<br />B&B composto da una sola stanza dotata entrata autonoma (pu√≤ ospitare una famiglia di 5 persone) con bagno privato dotato di doccia idromassaggio<br />primo B&B con marchio di qualit√† e certificazione FAMILY TRENTINO, offre gratuitamente attrezzatura per igiene e divertimento dei bambini.<br />calorosa accoglienza con aperitivo ed omaggio di benvenuto.<br />Raggiungibili in breve tempo laghi, citt√†, dolomiti e percorsi escursionistici.<br />TRENTINO GUEST CARD gratis<br /><br /><b>The space</b><br />camera tematizzata con caldi colori gode di entrata privata dal giardino, offre patio privato e vista panoramica.<br />Villetta singola con giardino e terrazzo panoramico su laghi e dolomiti<br /> Bagno privato in camera con doccia idromassaggio, vaschetta per il bagnetto, fasciatoio, alzatina e riduttore wc per bambini.<br />camera dotata di tavolo, sedie, stoviglie, libri, dvd, film, tv, letto, quadri, armadi e elementi di decoro.<br />p	Bedollo, Trentino-Alto Adige, Italy	Private room	1	3	90	BB92	BB
15654659	Suite Monticelli, B&B Alla Loggia dell'Imperatore	The particular spaciousness of this room you play on the warm and bright shades of the bleached pine wood, in sharp contrast with the wenge floor, the double bed and multifunction table placed in front of the large picture window overlooking a large covered terrace, soberly decorated with wooden details, which offers a priceless view of Vetriolo Terme and Cima Panarotta.<br /><br /><b>The space</b><br />At the center of the two chaise longue Room guarantee relaxing moments to devote to reading, listening to music or watching TV. Special attention deserves the bathroom whose elegance is due to the mixture of colors and materials combined in sober originality: on the one hand a bathroom area enveloped by a warm orange color wall, the other a special sunken bath in an original glass floor from which they can see bottles of vintage wines, witness of love and dedication unmatched tradition of viticulture thirty.<br /><br />The house constantly renovated in order to ensure a high standard of	Levico Terme, Trentino-Alto Adige, Italy	Private room	1	1	136	BB93	BB
15667310	Room Golden Room B&B Alla Loggia dell'Imperatore	The Golden Room is decorated in a plain but elegant style with chestnut wooden floors. The bed stands against a golden wall which highlights a beautiful painting featuring white tulips, symbol of true love. The blissful view on the Hapsburg Park makes this room a haven full of romantic and evocative flavour.<br /><br /><b>The space</b><br />The house constantly renovated in order to ensure a high standard of quality of services, has a varied set of environments, the result of tireless expertly research into shapes, colors and materials inspired by the traditional Tyrolean Trentino-style, which represent the right point meeting between style, elegance and originality.<br /><br /><b>Other things to note</b><br />Tourist tax: from May 1, 2016 in Trentino is in effect the city tax for apartments for rent. The price is 0.70 per day per person over 14 years old up to 10 days of stay	Levico Terme, Trentino-Alto Adige, Italy	Private room	1	1	99	BB94	BB
15667521	Room Tirol, B&B Alla Loggia dell'Imperatore	It is a very bright room decorated in a a rustic very simple Tyrolean style enhanced by a fine combination of precious fabrics that, not only gives this room a timeless and relaxing elegance but also a dashing atmosphere.<br /><br /><b>The space</b><br />The house constantly renovated in order to ensure a high standard of quality of services, has a varied set of environments, the result of tireless expertly research into shapes, colors and materials inspired by the traditional Tyrolean Trentino-style, which represent the right point meeting between style, elegance and originality.<br /><br /><b>Other things to note</b><br />Tourist tax: from May 1, 2016 in Trentino is in effect the city tax for apartments for rent. The price is 0.70 per day per person over 14 years old up to 10 days of stay<br /><br /><b>License number</b><br />SCIA N. 15266 07/09/2005	Levico Terme, Trentino-Alto Adige, Italy	Private room	1	1	89	BB95	BB
15673323	Room Acero, B&B La Betulla	Double room with extra bed.<br />The bathroom has a shower and a hairdryer.<br />The computer of the B & B La Betulla is at your disposal to check e-mail and keep your contacts.<br />My accommodation is suitable for couples, lone adventurers, business travelers and families (with children).<br /><br /><b>Other things to note</b><br />Tourist tax: from May 1, 2016 in Trentino is in effect the city tax for apartments for rent. The price is 0.70 per day per person over 14 years old up to 10 days of stay	Sasso, Trentino-Alto Adige, Italy	Private room	1	3	116	BB96	BB
15673754	Room Quercia, B&B La Betulla	Double / twin room.<br />The bathroom has a shower and a hairdryer.<br />The computer of the B & B La Betulla is at your disposal to check e-mail and keep your contacts.<br />My accommodation is suitable for couples, lone adventurers and business travelers.<br /><br /><b>Other things to note</b><br />You will be warmly welcomed with the utmost respect for your space.<br />Enrica prepares the typical and genuine breakfast, which in summer is served on the veranda, overlooking the garden, which Adalberto personally care.	Sasso, Trentino-Alto Adige, Italy	Private room	1	2	113	BB97	BB
15693922	B&B SISSI colazione tipica e sfiziosa	Situato in un paesino della Valle dei Laghi, molto tranquillo, a 15 minuti da Trento, 25 dal monte Bondone, 35 dalla Paganella, e 37 da Riva del Garda. Localit√† adatta per la pratica di vari sport Mountain bike, arrampicata, sci. <br />E' possibile visitare alcune cantine vitivinicole (zona di produzione di vini, spumanti, grappe, olio e aceto).<br />Colazione ricca, salata e/o dolce  con alcuni prodotti locali, biologici, fatti in casa, per vegetariani.<br />A disposizione libretti e guide del posto.<br /><br /><b>The space</b><br />Camera matrimoniale (letto 1.70x2.00), con possibilit√† di aggiunger un lettino bimbi e una culla, possiede un  bagno interno, con doccia e bidet, (dotato di asciugacapelli, sapone mani e doccia, e asciugamani) e la sala colazione (dotata di un balcone con tavolino e sedie esterne, che offre una vista sulle montagne circostanti). E' possibile depositare  bici, moto e attrezzature sportive.<br />Le due stanze sono in contatto da un citofono.<br /><br /><b>Gu	Ciago, Trentino-Alto Adige, Italy	Private room	1	1	74	BB98	BB
15767742	Room Ciliegio, B&B La Betulla	Double room with extra bed.<br />The bathroom has a shower and a hairdryer.<br />The computer of the B & B La Betulla is at your disposal to check e-mail and keep your contacts.<br /><br /><b>Other things to note</b><br />You will be warmly welcomed with the utmost respect for your space.<br />Enrica prepares the typical and genuine breakfast, which in summer is served on the veranda, overlooking the garden, which Adalberto personally care.	Sasso, Trentino-Alto Adige, Italy	Private room	1	2	113	BB99	BB
